{
  "main": {
    "da": {
      "identity": {
        "version": {
          "_cldrVersion": "36"
        },
        "language": "da"
      },
      "dates": {
        "timeZoneNames": {
          "hourFormat": "+HH.mm;-HH.mm",
          "gmtFormat": "GMT{0}",
          "gmtZeroFormat": "GMT",
          "regionFormat": "{0}",
          "regionFormat-type-daylight": "{0} (+1)",
          "regionFormat-type-standard": "{0} (+0)",
          "fallbackFormat": "{1} ({0})",
          "zone": {
            "America": {
              "Adak": {
                "exemplarCity": "Adak"
              },
              "Anchorage": {
                "exemplarCity": "Anchorage"
              },
              "Anguilla": {
                "exemplarCity": "Anguilla"
              },
              "Antigua": {
                "exemplarCity": "Antigua"
              },
              "Araguaina": {
                "exemplarCity": "Araguaina"
              },
              "Argentina": {
                "Rio_Gallegos": {
                  "exemplarCity": "Rio Gallegos"
                },
                "San_Juan": {
                  "exemplarCity": "San Juan"
                },
                "Ushuaia": {
                  "exemplarCity": "Ushuaia"
                },
                "La_Rioja": {
                  "exemplarCity": "La Rioja"
                },
                "San_Luis": {
                  "exemplarCity": "San Luis"
                },
                "Salta": {
                  "exemplarCity": "Salta"
                },
                "Tucuman": {
                  "exemplarCity": "Tucuman"
                }
              },
              "Aruba": {
                "exemplarCity": "Aruba"
              },
              "Asuncion": {
                "exemplarCity": "Asunción"
              },
              "Bahia": {
                "exemplarCity": "Bahia"
              },
              "Bahia_Banderas": {
                "exemplarCity": "Bahia Banderas"
              },
              "Barbados": {
                "exemplarCity": "Barbados"
              },
              "Belem": {
                "exemplarCity": "Belem"
              },
              "Belize": {
                "exemplarCity": "Belize"
              },
              "Blanc-Sablon": {
                "exemplarCity": "Blanc-Sablon"
              },
              "Boa_Vista": {
                "exemplarCity": "Boa Vista"
              },
              "Bogota": {
                "exemplarCity": "Bogota"
              },
              "Boise": {
                "exemplarCity": "Boise"
              },
              "Buenos_Aires": {
                "exemplarCity": "Buenos Aires"
              },
              "Cambridge_Bay": {
                "exemplarCity": "Cambridge Bay"
              },
              "Campo_Grande": {
                "exemplarCity": "Campo Grande"
              },
              "Cancun": {
                "exemplarCity": "Cancun"
              },
              "Caracas": {
                "exemplarCity": "Caracas"
              },
              "Catamarca": {
                "exemplarCity": "Catamarca"
              },
              "Cayenne": {
                "exemplarCity": "Cayenne"
              },
              "Cayman": {
                "exemplarCity": "Caymanøerne"
              },
              "Chicago": {
                "exemplarCity": "Chicago"
              },
              "Chihuahua": {
                "exemplarCity": "Chihuahua"
              },
              "Coral_Harbour": {
                "exemplarCity": "Atikokan"
              },
              "Cordoba": {
                "exemplarCity": "Cordoba"
              },
              "Costa_Rica": {
                "exemplarCity": "Costa Rica"
              },
              "Creston": {
                "exemplarCity": "Creston"
              },
              "Cuiaba": {
                "exemplarCity": "Cuiaba"
              },
              "Curacao": {
                "exemplarCity": "Curaçao"
              },
              "Danmarkshavn": {
                "exemplarCity": "Danmarkshavn"
              },
              "Dawson": {
                "exemplarCity": "Dawson"
              },
              "Dawson_Creek": {
                "exemplarCity": "Dawson Creek"
              },
              "Denver": {
                "exemplarCity": "Denver"
              },
              "Detroit": {
                "exemplarCity": "Detroit"
              },
              "Dominica": {
                "exemplarCity": "Dominica"
              },
              "Edmonton": {
                "exemplarCity": "Edmonton"
              },
              "Eirunepe": {
                "exemplarCity": "Eirunepe"
              },
              "El_Salvador": {
                "exemplarCity": "El Salvador"
              },
              "Fort_Nelson": {
                "exemplarCity": "Fort Nelson"
              },
              "Fortaleza": {
                "exemplarCity": "Fortaleza"
              },
              "Glace_Bay": {
                "exemplarCity": "Glace Bay"
              },
              "Godthab": {
                "exemplarCity": "Nuuk"
              },
              "Goose_Bay": {
                "exemplarCity": "Goose Bay"
              },
              "Grand_Turk": {
                "exemplarCity": "Grand Turk"
              },
              "Grenada": {
                "exemplarCity": "Grenada"
              },
              "Guadeloupe": {
                "exemplarCity": "Guadeloupe"
              },
              "Guatemala": {
                "exemplarCity": "Guatemala"
              },
              "Guayaquil": {
                "exemplarCity": "Guayaquil"
              },
              "Guyana": {
                "exemplarCity": "Guyana"
              },
              "Halifax": {
                "exemplarCity": "Halifax"
              },
              "Havana": {
                "exemplarCity": "Havana"
              },
              "Hermosillo": {
                "exemplarCity": "Hermosillo"
              },
              "Indiana": {
                "Vincennes": {
                  "exemplarCity": "Vincennes, Indiana"
                },
                "Petersburg": {
                  "exemplarCity": "Petersburg, Indiana"
                },
                "Tell_City": {
                  "exemplarCity": "Tell City, Indiana"
                },
                "Knox": {
                  "exemplarCity": "Knox, Indiana"
                },
                "Winamac": {
                  "exemplarCity": "Winamac, Indiana"
                },
                "Marengo": {
                  "exemplarCity": "Marengo, Indiana"
                },
                "Vevay": {
                  "exemplarCity": "Vevay, Indiana"
                }
              },
              "Indianapolis": {
                "exemplarCity": "Indianapolis"
              },
              "Inuvik": {
                "exemplarCity": "Inuvik"
              },
              "Iqaluit": {
                "exemplarCity": "Iqaluit"
              },
              "Jamaica": {
                "exemplarCity": "Jamaica"
              },
              "Jujuy": {
                "exemplarCity": "Jujuy"
              },
              "Juneau": {
                "exemplarCity": "Juneau"
              },
              "Kentucky": {
                "Monticello": {
                  "exemplarCity": "Monticello, Kentucky"
                }
              },
              "Kralendijk": {
                "exemplarCity": "Kralendijk"
              },
              "La_Paz": {
                "exemplarCity": "La Paz"
              },
              "Lima": {
                "exemplarCity": "Lima"
              },
              "Los_Angeles": {
                "exemplarCity": "Los Angeles"
              },
              "Louisville": {
                "exemplarCity": "Louisville"
              },
              "Lower_Princes": {
                "exemplarCity": "Lower Prince’s Quarter"
              },
              "Maceio": {
                "exemplarCity": "Maceio"
              },
              "Managua": {
                "exemplarCity": "Managua"
              },
              "Manaus": {
                "exemplarCity": "Manaus"
              },
              "Marigot": {
                "exemplarCity": "Marigot"
              },
              "Martinique": {
                "exemplarCity": "Martinique"
              },
              "Matamoros": {
                "exemplarCity": "Matamoros"
              },
              "Mazatlan": {
                "exemplarCity": "Mazatlan"
              },
              "Mendoza": {
                "exemplarCity": "Mendoza"
              },
              "Menominee": {
                "exemplarCity": "Menominee"
              },
              "Merida": {
                "exemplarCity": "Merida"
              },
              "Metlakatla": {
                "exemplarCity": "Metlakatla"
              },
              "Mexico_City": {
                "exemplarCity": "Mexico City"
              },
              "Miquelon": {
                "exemplarCity": "Miquelon"
              },
              "Moncton": {
                "exemplarCity": "Moncton"
              },
              "Monterrey": {
                "exemplarCity": "Monterrey"
              },
              "Montevideo": {
                "exemplarCity": "Montevideo"
              },
              "Montserrat": {
                "exemplarCity": "Montserrat"
              },
              "Nassau": {
                "exemplarCity": "Nassau"
              },
              "New_York": {
                "exemplarCity": "New York"
              },
              "Nipigon": {
                "exemplarCity": "Nipigon"
              },
              "Nome": {
                "exemplarCity": "Nome"
              },
              "Noronha": {
                "exemplarCity": "Noronha"
              },
              "North_Dakota": {
                "Beulah": {
                  "exemplarCity": "Beulah, North Dakota"
                },
                "New_Salem": {
                  "exemplarCity": "New Salem, North Dakota"
                },
                "Center": {
                  "exemplarCity": "Center, North Dakota"
                }
              },
              "Ojinaga": {
                "exemplarCity": "Ojinaga"
              },
              "Panama": {
                "exemplarCity": "Panama"
              },
              "Pangnirtung": {
                "exemplarCity": "Pangnirtung"
              },
              "Paramaribo": {
                "exemplarCity": "Paramaribo"
              },
              "Phoenix": {
                "exemplarCity": "Phoenix"
              },
              "Port-au-Prince": {
                "exemplarCity": "Port-au-Prince"
              },
              "Port_of_Spain": {
                "exemplarCity": "Port of Spain"
              },
              "Porto_Velho": {
                "exemplarCity": "Porto Velho"
              },
              "Puerto_Rico": {
                "exemplarCity": "Puerto Rico"
              },
              "Punta_Arenas": {
                "exemplarCity": "Punta Arenas"
              },
              "Rainy_River": {
                "exemplarCity": "Rainy River"
              },
              "Rankin_Inlet": {
                "exemplarCity": "Rankin Inlet"
              },
              "Recife": {
                "exemplarCity": "Recife"
              },
              "Regina": {
                "exemplarCity": "Regina"
              },
              "Resolute": {
                "exemplarCity": "Resolute"
              },
              "Rio_Branco": {
                "exemplarCity": "Rio Branco"
              },
              "Santa_Isabel": {
                "exemplarCity": "Santa Isabel"
              },
              "Santarem": {
                "exemplarCity": "Santarem"
              },
              "Santiago": {
                "exemplarCity": "Santiago"
              },
              "Santo_Domingo": {
                "exemplarCity": "Santo Domingo"
              },
              "Sao_Paulo": {
                "exemplarCity": "São Paulo"
              },
              "Scoresbysund": {
                "exemplarCity": "Ittoqqortoormiit"
              },
              "Sitka": {
                "exemplarCity": "Sitka"
              },
              "St_Barthelemy": {
                "exemplarCity": "Saint-Barthélemy"
              },
              "St_Johns": {
                "exemplarCity": "St. John’s"
              },
              "St_Kitts": {
                "exemplarCity": "St. Kitts"
              },
              "St_Lucia": {
                "exemplarCity": "St. Lucia"
              },
              "St_Thomas": {
                "exemplarCity": "St. Thomas"
              },
              "St_Vincent": {
                "exemplarCity": "St. Vincent"
              },
              "Swift_Current": {
                "exemplarCity": "Swift Current"
              },
              "Tegucigalpa": {
                "exemplarCity": "Tegucigalpa"
              },
              "Thule": {
                "exemplarCity": "Thule"
              },
              "Thunder_Bay": {
                "exemplarCity": "Thunder Bay"
              },
              "Tijuana": {
                "exemplarCity": "Tijuana"
              },
              "Toronto": {
                "exemplarCity": "Toronto"
              },
              "Tortola": {
                "exemplarCity": "Tortola"
              },
              "Vancouver": {
                "exemplarCity": "Vancouver"
              },
              "Whitehorse": {
                "exemplarCity": "Whitehorse"
              },
              "Winnipeg": {
                "exemplarCity": "Winnipeg"
              },
              "Yakutat": {
                "exemplarCity": "Yakutat"
              },
              "Yellowknife": {
                "exemplarCity": "Yellowknife"
              }
            },
            "Atlantic": {
              "Azores": {
                "exemplarCity": "Azorerne"
              },
              "Bermuda": {
                "exemplarCity": "Bermuda"
              },
              "Canary": {
                "exemplarCity": "De Kanariske Øer"
              },
              "Cape_Verde": {
                "exemplarCity": "Kap Verde"
              },
              "Faeroe": {
                "exemplarCity": "Færøerne"
              },
              "Madeira": {
                "exemplarCity": "Madeira"
              },
              "Reykjavik": {
                "exemplarCity": "Reykjavik"
              },
              "South_Georgia": {
                "exemplarCity": "South Georgia"
              },
              "St_Helena": {
                "exemplarCity": "St. Helena"
              },
              "Stanley": {
                "exemplarCity": "Stanley"
              }
            },
            "Europe": {
              "Amsterdam": {
                "exemplarCity": "Amsterdam"
              },
              "Andorra": {
                "exemplarCity": "Andorra"
              },
              "Astrakhan": {
                "exemplarCity": "Astrakhan"
              },
              "Athens": {
                "exemplarCity": "Athen"
              },
              "Belgrade": {
                "exemplarCity": "Beograd"
              },
              "Berlin": {
                "exemplarCity": "Berlin"
              },
              "Bratislava": {
                "exemplarCity": "Bratislava"
              },
              "Brussels": {
                "exemplarCity": "Bruxelles"
              },
              "Bucharest": {
                "exemplarCity": "Bukarest"
              },
              "Budapest": {
                "exemplarCity": "Budapest"
              },
              "Busingen": {
                "exemplarCity": "Busingen"
              },
              "Chisinau": {
                "exemplarCity": "Chisinau"
              },
              "Copenhagen": {
                "exemplarCity": "København"
              },
              "Dublin": {
                "long": {
                  "daylight": "Irsk normaltid"
                },
                "exemplarCity": "Dublin"
              },
              "Gibraltar": {
                "exemplarCity": "Gibraltar"
              },
              "Guernsey": {
                "exemplarCity": "Guernsey"
              },
              "Helsinki": {
                "exemplarCity": "Helsinki"
              },
              "Isle_of_Man": {
                "exemplarCity": "Isle of Man"
              },
              "Istanbul": {
                "exemplarCity": "Istanbul"
              },
              "Jersey": {
                "exemplarCity": "Jersey"
              },
              "Kaliningrad": {
                "exemplarCity": "Kaliningrad"
              },
              "Kiev": {
                "exemplarCity": "Kiev"
              },
              "Kirov": {
                "exemplarCity": "Kirov"
              },
              "Lisbon": {
                "exemplarCity": "Lissabon"
              },
              "Ljubljana": {
                "exemplarCity": "Ljubljana"
              },
              "London": {
                "long": {
                  "daylight": "Britisk sommertid"
                },
                "exemplarCity": "London"
              },
              "Luxembourg": {
                "exemplarCity": "Luxembourg"
              },
              "Madrid": {
                "exemplarCity": "Madrid"
              },
              "Malta": {
                "exemplarCity": "Malta"
              },
              "Mariehamn": {
                "exemplarCity": "Mariehamn"
              },
              "Minsk": {
                "exemplarCity": "Minsk"
              },
              "Monaco": {
                "exemplarCity": "Monaco"
              },
              "Moscow": {
                "exemplarCity": "Moskva"
              },
              "Oslo": {
                "exemplarCity": "Oslo"
              },
              "Paris": {
                "exemplarCity": "Paris"
              },
              "Podgorica": {
                "exemplarCity": "Podgorica"
              },
              "Prague": {
                "exemplarCity": "Prag"
              },
              "Riga": {
                "exemplarCity": "Riga"
              },
              "Rome": {
                "exemplarCity": "Rom"
              },
              "Samara": {
                "exemplarCity": "Samara"
              },
              "San_Marino": {
                "exemplarCity": "San Marino"
              },
              "Sarajevo": {
                "exemplarCity": "Sarajevo"
              },
              "Saratov": {
                "exemplarCity": "Saratov"
              },
              "Simferopol": {
                "exemplarCity": "Simferopol"
              },
              "Skopje": {
                "exemplarCity": "Skopje"
              },
              "Sofia": {
                "exemplarCity": "Sofia"
              },
              "Stockholm": {
                "exemplarCity": "Stockholm"
              },
              "Tallinn": {
                "exemplarCity": "Tallinn"
              },
              "Tirane": {
                "exemplarCity": "Tirana"
              },
              "Ulyanovsk": {
                "exemplarCity": "Uljanovsk"
              },
              "Uzhgorod": {
                "exemplarCity": "Uzjhorod"
              },
              "Vaduz": {
                "exemplarCity": "Vaduz"
              },
              "Vatican": {
                "exemplarCity": "Vatikanet"
              },
              "Vienna": {
                "exemplarCity": "Wien"
              },
              "Vilnius": {
                "exemplarCity": "Vilnius"
              },
              "Volgograd": {
                "exemplarCity": "Volgograd"
              },
              "Warsaw": {
                "exemplarCity": "Warszawa"
              },
              "Zagreb": {
                "exemplarCity": "Zagreb"
              },
              "Zaporozhye": {
                "exemplarCity": "Zaporizjzja"
              },
              "Zurich": {
                "exemplarCity": "Zürich"
              }
            },
            "Africa": {
              "Abidjan": {
                "exemplarCity": "Abidjan"
              },
              "Accra": {
                "exemplarCity": "Accra"
              },
              "Addis_Ababa": {
                "exemplarCity": "Addis Abeba"
              },
              "Algiers": {
                "exemplarCity": "Algier"
              },
              "Asmera": {
                "exemplarCity": "Asmara"
              },
              "Bamako": {
                "exemplarCity": "Bamako"
              },
              "Bangui": {
                "exemplarCity": "Bangui"
              },
              "Banjul": {
                "exemplarCity": "Banjul"
              },
              "Bissau": {
                "exemplarCity": "Bissau"
              },
              "Blantyre": {
                "exemplarCity": "Blantyre"
              },
              "Brazzaville": {
                "exemplarCity": "Brazzaville"
              },
              "Bujumbura": {
                "exemplarCity": "Bujumbura"
              },
              "Cairo": {
                "exemplarCity": "Cairo"
              },
              "Casablanca": {
                "exemplarCity": "Casablanca"
              },
              "Ceuta": {
                "exemplarCity": "Ceuta"
              },
              "Conakry": {
                "exemplarCity": "Conakry"
              },
              "Dakar": {
                "exemplarCity": "Dakar"
              },
              "Dar_es_Salaam": {
                "exemplarCity": "Dar es Salaam"
              },
              "Djibouti": {
                "exemplarCity": "Djibouti"
              },
              "Douala": {
                "exemplarCity": "Douala"
              },
              "El_Aaiun": {
                "exemplarCity": "El Aaiun"
              },
              "Freetown": {
                "exemplarCity": "Freetown"
              },
              "Gaborone": {
                "exemplarCity": "Gaborone"
              },
              "Harare": {
                "exemplarCity": "Harare"
              },
              "Johannesburg": {
                "exemplarCity": "Johannesburg"
              },
              "Juba": {
                "exemplarCity": "Juba"
              },
              "Kampala": {
                "exemplarCity": "Kampala"
              },
              "Khartoum": {
                "exemplarCity": "Khartoum"
              },
              "Kigali": {
                "exemplarCity": "Kigali"
              },
              "Kinshasa": {
                "exemplarCity": "Kinshasa"
              },
              "Lagos": {
                "exemplarCity": "Lagos"
              },
              "Libreville": {
                "exemplarCity": "Libreville"
              },
              "Lome": {
                "exemplarCity": "Lome"
              },
              "Luanda": {
                "exemplarCity": "Luanda"
              },
              "Lubumbashi": {
                "exemplarCity": "Lubumbashi"
              },
              "Lusaka": {
                "exemplarCity": "Lusaka"
              },
              "Malabo": {
                "exemplarCity": "Malabo"
              },
              "Maputo": {
                "exemplarCity": "Maputo"
              },
              "Maseru": {
                "exemplarCity": "Maseru"
              },
              "Mbabane": {
                "exemplarCity": "Mbabane"
              },
              "Mogadishu": {
                "exemplarCity": "Mogadishu"
              },
              "Monrovia": {
                "exemplarCity": "Monrovia"
              },
              "Nairobi": {
                "exemplarCity": "Nairobi"
              },
              "Ndjamena": {
                "exemplarCity": "Ndjamena"
              },
              "Niamey": {
                "exemplarCity": "Niamey"
              },
              "Nouakchott": {
                "exemplarCity": "Nouakchott"
              },
              "Ouagadougou": {
                "exemplarCity": "Ouagadougou"
              },
              "Porto-Novo": {
                "exemplarCity": "Porto-Novo"
              },
              "Sao_Tome": {
                "exemplarCity": "São Tomé"
              },
              "Tripoli": {
                "exemplarCity": "Tripoli"
              },
              "Tunis": {
                "exemplarCity": "Tunis"
              },
              "Windhoek": {
                "exemplarCity": "Windhoek"
              }
            },
            "Asia": {
              "Aden": {
                "exemplarCity": "Aden"
              },
              "Almaty": {
                "exemplarCity": "Almaty"
              },
              "Amman": {
                "exemplarCity": "Amman"
              },
              "Anadyr": {
                "exemplarCity": "Anadyr"
              },
              "Aqtau": {
                "exemplarCity": "Aktau"
              },
              "Aqtobe": {
                "exemplarCity": "Aktobe"
              },
              "Ashgabat": {
                "exemplarCity": "Asjkhabad"
              },
              "Atyrau": {
                "exemplarCity": "Atyrau"
              },
              "Baghdad": {
                "exemplarCity": "Bagdad"
              },
              "Bahrain": {
                "exemplarCity": "Bahrain"
              },
              "Baku": {
                "exemplarCity": "Baku"
              },
              "Bangkok": {
                "exemplarCity": "Bangkok"
              },
              "Barnaul": {
                "exemplarCity": "Barnaul"
              },
              "Beirut": {
                "exemplarCity": "Beirut"
              },
              "Bishkek": {
                "exemplarCity": "Bisjkek"
              },
              "Brunei": {
                "exemplarCity": "Brunei"
              },
              "Calcutta": {
                "exemplarCity": "Kolkata"
              },
              "Chita": {
                "exemplarCity": "Chita"
              },
              "Choibalsan": {
                "exemplarCity": "Tsjojbalsan"
              },
              "Colombo": {
                "exemplarCity": "Colombo"
              },
              "Damascus": {
                "exemplarCity": "Damaskus"
              },
              "Dhaka": {
                "exemplarCity": "Dhaka"
              },
              "Dili": {
                "exemplarCity": "Dili"
              },
              "Dubai": {
                "exemplarCity": "Dubai"
              },
              "Dushanbe": {
                "exemplarCity": "Dusjanbe"
              },
              "Famagusta": {
                "exemplarCity": "Famagusta"
              },
              "Gaza": {
                "exemplarCity": "Gaza"
              },
              "Hebron": {
                "exemplarCity": "Hebron"
              },
              "Hong_Kong": {
                "exemplarCity": "Hongkong"
              },
              "Hovd": {
                "exemplarCity": "Hovd"
              },
              "Irkutsk": {
                "exemplarCity": "Irkutsk"
              },
              "Jakarta": {
                "exemplarCity": "Jakarta"
              },
              "Jayapura": {
                "exemplarCity": "Jayapura"
              },
              "Jerusalem": {
                "exemplarCity": "Jerusalem"
              },
              "Kabul": {
                "exemplarCity": "Kabul"
              },
              "Kamchatka": {
                "exemplarCity": "Kamtjatka"
              },
              "Karachi": {
                "exemplarCity": "Karachi"
              },
              "Katmandu": {
                "exemplarCity": "Katmandu"
              },
              "Khandyga": {
                "exemplarCity": "Khandyga"
              },
              "Krasnoyarsk": {
                "exemplarCity": "Krasnojarsk"
              },
              "Kuala_Lumpur": {
                "exemplarCity": "Kuala Lumpur"
              },
              "Kuching": {
                "exemplarCity": "Kuching"
              },
              "Kuwait": {
                "exemplarCity": "Kuwait"
              },
              "Macau": {
                "exemplarCity": "Macao"
              },
              "Magadan": {
                "exemplarCity": "Magadan"
              },
              "Makassar": {
                "exemplarCity": "Makassar"
              },
              "Manila": {
                "exemplarCity": "Manila"
              },
              "Muscat": {
                "exemplarCity": "Muscat"
              },
              "Nicosia": {
                "exemplarCity": "Nicosia"
              },
              "Novokuznetsk": {
                "exemplarCity": "Novokusnetsk"
              },
              "Novosibirsk": {
                "exemplarCity": "Novosibirsk"
              },
              "Omsk": {
                "exemplarCity": "Omsk"
              },
              "Oral": {
                "exemplarCity": "Oral"
              },
              "Phnom_Penh": {
                "exemplarCity": "Phnom Penh"
              },
              "Pontianak": {
                "exemplarCity": "Pontianak"
              },
              "Pyongyang": {
                "exemplarCity": "Pyongyang"
              },
              "Qatar": {
                "exemplarCity": "Qatar"
              },
              "Qostanay": {
                "exemplarCity": "Kostanay"
              },
              "Qyzylorda": {
                "exemplarCity": "Kyzylorda"
              },
              "Rangoon": {
                "exemplarCity": "Rangoon"
              },
              "Riyadh": {
                "exemplarCity": "Riyadh"
              },
              "Saigon": {
                "exemplarCity": "Ho Chi Minh City"
              },
              "Sakhalin": {
                "exemplarCity": "Sakhalin"
              },
              "Samarkand": {
                "exemplarCity": "Samarkand"
              },
              "Seoul": {
                "exemplarCity": "Seoul"
              },
              "Shanghai": {
                "exemplarCity": "Shanghai"
              },
              "Singapore": {
                "exemplarCity": "Singapore"
              },
              "Srednekolymsk": {
                "exemplarCity": "Srednekolymsk"
              },
              "Taipei": {
                "exemplarCity": "Taipei"
              },
              "Tashkent": {
                "exemplarCity": "Tasjkent"
              },
              "Tbilisi": {
                "exemplarCity": "Tbilisi"
              },
              "Tehran": {
                "exemplarCity": "Teheran"
              },
              "Thimphu": {
                "exemplarCity": "Thimphu"
              },
              "Tokyo": {
                "exemplarCity": "Tokyo"
              },
              "Tomsk": {
                "exemplarCity": "Tomsk"
              },
              "Ulaanbaatar": {
                "exemplarCity": "Ulan Bator"
              },
              "Urumqi": {
                "exemplarCity": "Ürümqi"
              },
              "Ust-Nera": {
                "exemplarCity": "Ust-Nera"
              },
              "Vientiane": {
                "exemplarCity": "Vientiane"
              },
              "Vladivostok": {
                "exemplarCity": "Vladivostok"
              },
              "Yakutsk": {
                "exemplarCity": "Jakutsk"
              },
              "Yekaterinburg": {
                "exemplarCity": "Jekaterinburg"
              },
              "Yerevan": {
                "exemplarCity": "Jerevan"
              }
            },
            "Indian": {
              "Antananarivo": {
                "exemplarCity": "Antananarivo"
              },
              "Chagos": {
                "exemplarCity": "Chagos"
              },
              "Christmas": {
                "exemplarCity": "Juleøen"
              },
              "Cocos": {
                "exemplarCity": "Cocos"
              },
              "Comoro": {
                "exemplarCity": "Comorerne"
              },
              "Kerguelen": {
                "exemplarCity": "Kerguelen"
              },
              "Mahe": {
                "exemplarCity": "Mahe"
              },
              "Maldives": {
                "exemplarCity": "Maldiverne"
              },
              "Mauritius": {
                "exemplarCity": "Mauritius"
              },
              "Mayotte": {
                "exemplarCity": "Mayotte"
              },
              "Reunion": {
                "exemplarCity": "Réunion"
              }
            },
            "Australia": {
              "Adelaide": {
                "exemplarCity": "Adelaide"
              },
              "Brisbane": {
                "exemplarCity": "Brisbane"
              },
              "Broken_Hill": {
                "exemplarCity": "Broken Hill"
              },
              "Currie": {
                "exemplarCity": "Currie"
              },
              "Darwin": {
                "exemplarCity": "Darwin"
              },
              "Eucla": {
                "exemplarCity": "Eucla"
              },
              "Hobart": {
                "exemplarCity": "Hobart"
              },
              "Lindeman": {
                "exemplarCity": "Lindeman"
              },
              "Lord_Howe": {
                "exemplarCity": "Lord Howe"
              },
              "Melbourne": {
                "exemplarCity": "Melbourne"
              },
              "Perth": {
                "exemplarCity": "Perth"
              },
              "Sydney": {
                "exemplarCity": "Sydney"
              }
            },
            "Pacific": {
              "Apia": {
                "exemplarCity": "Apia"
              },
              "Auckland": {
                "exemplarCity": "Auckland"
              },
              "Bougainville": {
                "exemplarCity": "Bougainville"
              },
              "Chatham": {
                "exemplarCity": "Chatham"
              },
              "Easter": {
                "exemplarCity": "Påskeøen"
              },
              "Efate": {
                "exemplarCity": "Efate"
              },
              "Enderbury": {
                "exemplarCity": "Enderbury"
              },
              "Fakaofo": {
                "exemplarCity": "Fakaofo"
              },
              "Fiji": {
                "exemplarCity": "Fiji"
              },
              "Funafuti": {
                "exemplarCity": "Funafuti"
              },
              "Galapagos": {
                "exemplarCity": "Galapagos"
              },
              "Gambier": {
                "exemplarCity": "Gambier"
              },
              "Guadalcanal": {
                "exemplarCity": "Guadalcanal"
              },
              "Guam": {
                "exemplarCity": "Guam"
              },
              "Honolulu": {
                "exemplarCity": "Honolulu"
              },
              "Johnston": {
                "exemplarCity": "Johnston"
              },
              "Kiritimati": {
                "exemplarCity": "Kiritimati"
              },
              "Kosrae": {
                "exemplarCity": "Kosrae"
              },
              "Kwajalein": {
                "exemplarCity": "Kwajalein"
              },
              "Majuro": {
                "exemplarCity": "Majuro"
              },
              "Marquesas": {
                "exemplarCity": "Marquesas"
              },
              "Midway": {
                "exemplarCity": "Midway"
              },
              "Nauru": {
                "exemplarCity": "Nauru"
              },
              "Niue": {
                "exemplarCity": "Niue"
              },
              "Norfolk": {
                "exemplarCity": "Norfolk"
              },
              "Noumea": {
                "exemplarCity": "Noumea"
              },
              "Pago_Pago": {
                "exemplarCity": "Pago Pago"
              },
              "Palau": {
                "exemplarCity": "Palau"
              },
              "Pitcairn": {
                "exemplarCity": "Pitcairn"
              },
              "Ponape": {
                "exemplarCity": "Pohnpei"
              },
              "Port_Moresby": {
                "exemplarCity": "Port Moresby"
              },
              "Rarotonga": {
                "exemplarCity": "Rarotonga"
              },
              "Saipan": {
                "exemplarCity": "Saipan"
              },
              "Tahiti": {
                "exemplarCity": "Tahiti"
              },
              "Tarawa": {
                "exemplarCity": "Tarawa"
              },
              "Tongatapu": {
                "exemplarCity": "Tongatapu"
              },
              "Truk": {
                "exemplarCity": "Chuuk"
              },
              "Wake": {
                "exemplarCity": "Wake"
              },
              "Wallis": {
                "exemplarCity": "Wallis"
              }
            },
            "Arctic": {
              "Longyearbyen": {
                "exemplarCity": "Longyearbyen"
              }
            },
            "Antarctica": {
              "Casey": {
                "exemplarCity": "Casey"
              },
              "Davis": {
                "exemplarCity": "Davis"
              },
              "DumontDUrville": {
                "exemplarCity": "Dumont d’Urville"
              },
              "Macquarie": {
                "exemplarCity": "Macquarie"
              },
              "Mawson": {
                "exemplarCity": "Mawson"
              },
              "McMurdo": {
                "exemplarCity": "McMurdo"
              },
              "Palmer": {
                "exemplarCity": "Palmer"
              },
              "Rothera": {
                "exemplarCity": "Rothera"
              },
              "Syowa": {
                "exemplarCity": "Syowa"
              },
              "Troll": {
                "exemplarCity": "Troll"
              },
              "Vostok": {
                "exemplarCity": "Vostok"
              }
            },
            "Etc": {
              "UTC": {
                "long": {
                  "standard": "Koordineret universaltid"
                },
                "short": {
                  "standard": "UTC"
                }
              },
              "Unknown": {
                "exemplarCity": "Ukendt by"
              }
            }
          },
          "metazone": {
            "Acre": {
              "long": {
                "generic": "Acre-tid",
                "standard": "Acre-normaltid",
                "daylight": "Acre-sommertid"
              }
            },
            "Afghanistan": {
              "long": {
                "standard": "Afghansk tid"
              }
            },
            "Africa_Central": {
              "long": {
                "standard": "Centralafrikansk tid"
              }
            },
            "Africa_Eastern": {
              "long": {
                "standard": "Østafrikansk tid"
              }
            },
            "Africa_Southern": {
              "long": {
                "standard": "Sydafrikansk tid"
              }
            },
            "Africa_Western": {
              "long": {
                "generic": "Vestafrikansk tid",
                "standard": "Vestafrikansk normaltid",
                "daylight": "Vestafrikansk sommertid"
              }
            },
            "Alaska": {
              "long": {
                "generic": "Alaska-tid",
                "standard": "Alaska-normaltid",
                "daylight": "Alaska-sommertid"
              }
            },
            "Almaty": {
              "long": {
                "generic": "Almaty-tid",
                "standard": "Almaty-normaltid",
                "daylight": "Almaty-sommertid"
              }
            },
            "Amazon": {
              "long": {
                "generic": "Amazonas-tid",
                "standard": "Amazonas-normaltid",
                "daylight": "Amazonas-sommertid"
              }
            },
            "America_Central": {
              "long": {
                "generic": "Central-tid",
                "standard": "Central-normaltid",
                "daylight": "Central-sommertid"
              }
            },
            "America_Eastern": {
              "long": {
                "generic": "Eastern-tid",
                "standard": "Eastern-normaltid",
                "daylight": "Eastern-sommertid"
              }
            },
            "America_Mountain": {
              "long": {
                "generic": "Mountain-tid",
                "standard": "Mountain-normaltid",
                "daylight": "Mountain-sommertid"
              }
            },
            "America_Pacific": {
              "long": {
                "generic": "Pacific-tid",
                "standard": "Pacific-normaltid",
                "daylight": "Pacific-sommertid"
              }
            },
            "Anadyr": {
              "long": {
                "generic": "Anadyr-tid",
                "standard": "Anadyr-normaltid",
                "daylight": "Anadyr-sommertid"
              }
            },
            "Apia": {
              "long": {
                "generic": "Apia-tid",
                "standard": "Apia-normaltid",
                "daylight": "Apia-sommertid"
              }
            },
            "Aqtau": {
              "long": {
                "generic": "Aqtau-tid",
                "standard": "Aqtau-normaltid",
                "daylight": "Aqtau-sommertid"
              }
            },
            "Aqtobe": {
              "long": {
                "generic": "Aqtobe-tid",
                "standard": "Aqtobe-normaltid",
                "daylight": "Aqtobe-sommertid"
              }
            },
            "Arabian": {
              "long": {
                "generic": "Arabisk tid",
                "standard": "Arabisk normaltid",
                "daylight": "Arabisk sommertid"
              }
            },
            "Argentina": {
              "long": {
                "generic": "Argentisk tid",
                "standard": "Argentinsk normaltid",
                "daylight": "Argentinsk sommertid"
              }
            },
            "Argentina_Western": {
              "long": {
                "generic": "Vestargentinsk tid",
                "standard": "Vestargentinsk normaltid",
                "daylight": "Vestargentinsk sommertid"
              }
            },
            "Armenia": {
              "long": {
                "generic": "Armensk tid",
                "standard": "Armensk normaltid",
                "daylight": "Armensk sommertid"
              }
            },
            "Atlantic": {
              "long": {
                "generic": "Atlantic-tid",
                "standard": "Atlantic-normaltid",
                "daylight": "Atlantic-sommertid"
              }
            },
            "Australia_Central": {
              "long": {
                "generic": "Centralaustralsk tid",
                "standard": "Centralaustralsk normaltid",
                "daylight": "Centralaustralsk sommertid"
              }
            },
            "Australia_CentralWestern": {
              "long": {
                "generic": "Vestlig centralaustralsk tid",
                "standard": "Vestlig centralaustralsk normaltid",
                "daylight": "Vestlig centralaustralsk sommertid"
              }
            },
            "Australia_Eastern": {
              "long": {
                "generic": "Østaustralsk tid",
                "standard": "Østaustralsk normaltid",
                "daylight": "Østaustralsk sommertid"
              }
            },
            "Australia_Western": {
              "long": {
                "generic": "Vestaustralsk tid",
                "standard": "Vestaustralsk normaltid",
                "daylight": "Vestaustralsk sommertid"
              }
            },
            "Azerbaijan": {
              "long": {
                "generic": "Aserbajdsjansk tid",
                "standard": "Aserbajdsjansk normaltid",
                "daylight": "Aserbajdsjansk sommertid"
              }
            },
            "Azores": {
              "long": {
                "generic": "Azorerne-tid",
                "standard": "Azorerne-normaltid",
                "daylight": "Azorerne-sommertid"
              }
            },
            "Bangladesh": {
              "long": {
                "generic": "Bangladesh-tid",
                "standard": "Bangladesh-normaltid",
                "daylight": "Bangladesh-sommertid"
              }
            },
            "Bhutan": {
              "long": {
                "standard": "Bhutan-tid"
              }
            },
            "Bolivia": {
              "long": {
                "standard": "Boliviansk tid"
              }
            },
            "Brasilia": {
              "long": {
                "generic": "Brasiliansk tid",
                "standard": "Brasiliansk normaltid",
                "daylight": "Brasiliansk sommertid"
              }
            },
            "Brunei": {
              "long": {
                "standard": "Brunei Darussalam-tid"
              }
            },
            "Cape_Verde": {
              "long": {
                "generic": "Kap Verde-tid",
                "standard": "Kap Verde-normaltid",
                "daylight": "Kap Verde-sommertid"
              }
            },
            "Chamorro": {
              "long": {
                "standard": "Chamorro-tid"
              }
            },
            "Chatham": {
              "long": {
                "generic": "Chatham-tid",
                "standard": "Chatham-normaltid",
                "daylight": "Chatham-sommertid"
              }
            },
            "Chile": {
              "long": {
                "generic": "Chilensk tid",
                "standard": "Chilensk normaltid",
                "daylight": "Chilensk sommertid"
              }
            },
            "China": {
              "long": {
                "generic": "Kinesisk tid",
                "standard": "Kinesisk normaltid",
                "daylight": "Kinesisk sommertid"
              }
            },
            "Choibalsan": {
              "long": {
                "generic": "Tsjojbalsan-tid",
                "standard": "Tsjojbalsan-normaltid",
                "daylight": "Tsjojbalsan-sommertid"
              }
            },
            "Christmas": {
              "long": {
                "standard": "Juleøen-normaltid"
              }
            },
            "Cocos": {
              "long": {
                "standard": "Cocosøerne-normaltid"
              }
            },
            "Colombia": {
              "long": {
                "generic": "Colombiansk tid",
                "standard": "Colombiansk normaltid",
                "daylight": "Colombiansk sommertid"
              }
            },
            "Cook": {
              "long": {
                "generic": "Cookøerne-tid",
                "standard": "Cookøerne-normaltid",
                "daylight": "Cookøerne-sommertid"
              }
            },
            "Cuba": {
              "long": {
                "generic": "Cubansk tid",
                "standard": "Cubansk normaltid",
                "daylight": "Cubansk sommertid"
              }
            },
            "Davis": {
              "long": {
                "standard": "Davis-tid"
              }
            },
            "DumontDUrville": {
              "long": {
                "standard": "Dumont-d’Urville-tid"
              }
            },
            "East_Timor": {
              "long": {
                "standard": "Østtimor-tid"
              }
            },
            "Easter": {
              "long": {
                "generic": "Påskeøen-tid",
                "standard": "Påskeøen-normaltid",
                "daylight": "Påskeøen-sommertid"
              }
            },
            "Ecuador": {
              "long": {
                "standard": "Ecuadoriansk tid"
              }
            },
            "Europe_Central": {
              "long": {
                "generic": "Centraleuropæisk tid",
                "standard": "Centraleuropæisk normaltid",
                "daylight": "Centraleuropæisk sommertid"
              },
              "short": {
                "generic": "CET",
                "standard": "CET",
                "daylight": "CEST"
              }
            },
            "Europe_Eastern": {
              "long": {
                "generic": "Østeuropæisk tid",
                "standard": "Østeuropæisk normaltid",
                "daylight": "Østeuropæisk sommertid"
              },
              "short": {
                "generic": "EET",
                "standard": "EET",
                "daylight": "EEST"
              }
            },
            "Europe_Further_Eastern": {
              "long": {
                "standard": "Fjernøsteuropæisk tid"
              }
            },
            "Europe_Western": {
              "long": {
                "generic": "Vesteuropæisk tid",
                "standard": "Vesteuropæisk normaltid",
                "daylight": "Vesteuropæisk sommertid"
              },
              "short": {
                "generic": "WET",
                "standard": "WET",
                "daylight": "WEST"
              }
            },
            "Falkland": {
              "long": {
                "generic": "Falklandsøerne-tid",
                "standard": "Falklandsøerne-normaltid",
                "daylight": "Falklandsøerne-sommertid"
              }
            },
            "Fiji": {
              "long": {
                "generic": "Fijiansk tid",
                "standard": "Fijiansk normaltid",
                "daylight": "Fijiansk sommertid"
              }
            },
            "French_Guiana": {
              "long": {
                "standard": "Fransk Guyana-tid"
              }
            },
            "French_Southern": {
              "long": {
                "standard": "Franske Sydlige og Antarktiske Territorier-tid"
              }
            },
            "Galapagos": {
              "long": {
                "standard": "Galapagos-tid"
              }
            },
            "Gambier": {
              "long": {
                "standard": "Gambier-tid"
              }
            },
            "Georgia": {
              "long": {
                "generic": "Georgisk tid",
                "standard": "Georgisk normaltid",
                "daylight": "Georgisk sommertid"
              }
            },
            "Gilbert_Islands": {
              "long": {
                "standard": "Gilbertøerne-tid"
              }
            },
            "GMT": {
              "long": {
                "standard": "GMT"
              }
            },
            "Greenland_Eastern": {
              "long": {
                "generic": "Østgrønlandsk tid",
                "standard": "Østgrønlandsk normaltid",
                "daylight": "Østgrønlandsk sommertid"
              }
            },
            "Greenland_Western": {
              "long": {
                "generic": "Vestgrønlandsk tid",
                "standard": "Vestgrønlandsk normaltid",
                "daylight": "Vestgrønlandsk sommertid"
              }
            },
            "Guam": {
              "long": {
                "standard": "Guam-normaltid"
              }
            },
            "Gulf": {
              "long": {
                "standard": "Golflandene-normaltid"
              }
            },
            "Guyana": {
              "long": {
                "standard": "Guyana-tid"
              }
            },
            "Hawaii_Aleutian": {
              "long": {
                "generic": "Hawaii-Aleutian-tid",
                "standard": "Hawaii-Aleutian-normaltid",
                "daylight": "Hawaii-Aleutian-sommertid"
              }
            },
            "Hong_Kong": {
              "long": {
                "generic": "Hongkong-tid",
                "standard": "Hongkong-normaltid",
                "daylight": "Hongkong-sommertid"
              }
            },
            "Hovd": {
              "long": {
                "generic": "Hovd-tid",
                "standard": "Hovd-normaltid",
                "daylight": "Hovd-sommertid"
              }
            },
            "India": {
              "long": {
                "standard": "Indisk normaltid"
              }
            },
            "Indian_Ocean": {
              "long": {
                "standard": "Indiske Ocean-normaltid"
              }
            },
            "Indochina": {
              "long": {
                "standard": "Indokina-tid"
              }
            },
            "Indonesia_Central": {
              "long": {
                "standard": "Centralindonesisk tid"
              }
            },
            "Indonesia_Eastern": {
              "long": {
                "standard": "Østindonesisk tid"
              }
            },
            "Indonesia_Western": {
              "long": {
                "standard": "Vestindonesisk tid"
              }
            },
            "Iran": {
              "long": {
                "generic": "Iransk tid",
                "standard": "Iransk normaltid",
                "daylight": "Iransk sommertid"
              }
            },
            "Irkutsk": {
              "long": {
                "generic": "Irkutsk-tid",
                "standard": "Irkutsk-normaltid",
                "daylight": "Irkutsk-sommertid"
              }
            },
            "Israel": {
              "long": {
                "generic": "Israelsk tid",
                "standard": "Israelsk normaltid",
                "daylight": "Israelsk sommertid"
              }
            },
            "Japan": {
              "long": {
                "generic": "Japansk tid",
                "standard": "Japansk normaltid",
                "daylight": "Japansk sommertid"
              }
            },
            "Kamchatka": {
              "long": {
                "generic": "Petropavlovsk-Kamchatski tid",
                "standard": "Petropavlovsk-Kamchatski normaltid",
                "daylight": "Petropavlovsk-Kamchatski sommertid"
              }
            },
            "Kazakhstan_Eastern": {
              "long": {
                "standard": "Østkasakhstansk tid"
              }
            },
            "Kazakhstan_Western": {
              "long": {
                "standard": "Vestkasakhstansk tid"
              }
            },
            "Korea": {
              "long": {
                "generic": "Koreansk tid",
                "standard": "Koreansk normaltid",
                "daylight": "Koreansk sommertid"
              }
            },
            "Kosrae": {
              "long": {
                "standard": "Kosrae-tid"
              }
            },
            "Krasnoyarsk": {
              "long": {
                "generic": "Krasnojarsk-tid",
                "standard": "Krasnojarsk-normaltid",
                "daylight": "Krasnojarsk-sommertid"
              }
            },
            "Kyrgystan": {
              "long": {
                "standard": "Kirgisisk tid"
              }
            },
            "Lanka": {
              "long": {
                "standard": "Langa tid"
              }
            },
            "Line_Islands": {
              "long": {
                "standard": "Linjeøerne-tid"
              }
            },
            "Lord_Howe": {
              "long": {
                "generic": "Lord Howe-tid",
                "standard": "Lord Howe-normaltid",
                "daylight": "Lord Howe-sommertid"
              }
            },
            "Macau": {
              "long": {
                "generic": "Macao-tid",
                "standard": "Macao-normaltid",
                "daylight": "Macao-sommertid"
              }
            },
            "Macquarie": {
              "long": {
                "standard": "Macquarie-tid"
              }
            },
            "Magadan": {
              "long": {
                "generic": "Magadan-tid",
                "standard": "Magadan-normaltid",
                "daylight": "Magadan-sommertid"
              }
            },
            "Malaysia": {
              "long": {
                "standard": "Malaysia-tid"
              }
            },
            "Maldives": {
              "long": {
                "standard": "Maldiverne-tid"
              }
            },
            "Marquesas": {
              "long": {
                "standard": "Marquesas-tid"
              }
            },
            "Marshall_Islands": {
              "long": {
                "standard": "Marshalløerne-tid"
              }
            },
            "Mauritius": {
              "long": {
                "generic": "Mauritius-tid",
                "standard": "Mauritius-normaltid",
                "daylight": "Mauritius-sommertid"
              }
            },
            "Mawson": {
              "long": {
                "standard": "Mawson-tid"
              }
            },
            "Mexico_Northwest": {
              "long": {
                "generic": "Nordvestmexicansk tid",
                "standard": "Nordvestmexicansk normaltid",
                "daylight": "Nordvestmexicansk sommertid"
              }
            },
            "Mexico_Pacific": {
              "long": {
                "generic": "Mexicansk Pacific-tid",
                "standard": "Mexicansk Pacific-normaltid",
                "daylight": "Mexicansk Pacific-sommertid"
              }
            },
            "Mongolia": {
              "long": {
                "generic": "Ulan Bator-tid",
                "standard": "Ulan Bator-normaltid",
                "daylight": "Ulan Bator-sommertid"
              }
            },
            "Moscow": {
              "long": {
                "generic": "Moskva-tid",
                "standard": "Moskva-normaltid",
                "daylight": "Moskva-sommertid"
              }
            },
            "Myanmar": {
              "long": {
                "standard": "Myanmar-tid"
              }
            },
            "Nauru": {
              "long": {
                "standard": "Nauru-tid"
              }
            },
            "Nepal": {
              "long": {
                "standard": "Nepalesisk tid"
              }
            },
            "New_Caledonia": {
              "long": {
                "generic": "Ny Kaledonien-tid",
                "standard": "Ny Kaledonien-normaltid",
                "daylight": "Ny Kaledonien-sommertid"
              }
            },
            "New_Zealand": {
              "long": {
                "generic": "Newzealandsk tid",
                "standard": "Newzealandsk normaltid",
                "daylight": "Newzealandsk sommertid"
              }
            },
            "Newfoundland": {
              "long": {
                "generic": "Newfoundlandsk tid",
                "standard": "Newfoundlandsk normaltid",
                "daylight": "Newfoundlandsk sommertid"
              }
            },
            "Niue": {
              "long": {
                "standard": "Niue-tid"
              }
            },
            "Norfolk": {
              "long": {
                "standard": "Norfolk Island-tid"
              }
            },
            "Noronha": {
              "long": {
                "generic": "Fernando de Noronha-tid",
                "standard": "Fernando de Noronha-normaltid",
                "daylight": "Fernando de Noronha-sommertid"
              }
            },
            "North_Mariana": {
              "long": {
                "standard": "Nordmarianerne-tid"
              }
            },
            "Novosibirsk": {
              "long": {
                "generic": "Novosibirsk-tid",
                "standard": "Novosibirsk-normaltid",
                "daylight": "Novosibirsk-sommertid"
              }
            },
            "Omsk": {
              "long": {
                "generic": "Omsk-tid",
                "standard": "Omsk-normaltid",
                "daylight": "Omsk-sommertid"
              }
            },
            "Pakistan": {
              "long": {
                "generic": "Pakistansk tid",
                "standard": "Pakistansk normaltid",
                "daylight": "Pakistansk sommertid"
              }
            },
            "Palau": {
              "long": {
                "standard": "Palau-normaltid"
              }
            },
            "Papua_New_Guinea": {
              "long": {
                "standard": "Papua Ny Guinea-tid"
              }
            },
            "Paraguay": {
              "long": {
                "generic": "Paraguayansk tid",
                "standard": "Paraguayansk normaltid",
                "daylight": "Paraguayansk sommertid"
              }
            },
            "Peru": {
              "long": {
                "generic": "Peruviansk tid",
                "standard": "Peruviansk normaltid",
                "daylight": "Peruviansk sommertid"
              }
            },
            "Philippines": {
              "long": {
                "generic": "Filippinsk tid",
                "standard": "Filippinsk normaltid",
                "daylight": "Filippinsk sommertid"
              }
            },
            "Phoenix_Islands": {
              "long": {
                "standard": "Phoenixøen-tid"
              }
            },
            "Pierre_Miquelon": {
              "long": {
                "generic": "Saint Pierre- og Miquelon-tid",
                "standard": "Saint Pierre- og Miquelon-normaltid",
                "daylight": "Saint Pierre- og Miquelon-sommertid"
              }
            },
            "Pitcairn": {
              "long": {
                "standard": "Pitcairn-tid"
              }
            },
            "Ponape": {
              "long": {
                "standard": "Ponape-tid"
              }
            },
            "Pyongyang": {
              "long": {
                "standard": "Pyongyang-tid"
              }
            },
            "Qyzylorda": {
              "long": {
                "generic": "Qyzylorda-tid",
                "standard": "Qyzylorda-normaltid",
                "daylight": "Qyzylorda-sommertid"
              }
            },
            "Reunion": {
              "long": {
                "standard": "Reunion-tid"
              }
            },
            "Rothera": {
              "long": {
                "standard": "Rothera-tid"
              }
            },
            "Sakhalin": {
              "long": {
                "generic": "Sakhalin-tid",
                "standard": "Sakhalin-normaltid",
                "daylight": "Sakhalin-sommertid"
              }
            },
            "Samara": {
              "long": {
                "generic": "Samara-tid",
                "standard": "Samara-normaltid",
                "daylight": "Samara-sommertid"
              }
            },
            "Samoa": {
              "long": {
                "generic": "Samoansk tid",
                "standard": "Samoansk normaltid",
                "daylight": "Samoansk sommertid"
              }
            },
            "Seychelles": {
              "long": {
                "standard": "Seychellisk tid"
              }
            },
            "Singapore": {
              "long": {
                "standard": "Singapore-tid"
              }
            },
            "Solomon": {
              "long": {
                "standard": "Salomonøerne-tid"
              }
            },
            "South_Georgia": {
              "long": {
                "standard": "South Georgia-tid"
              }
            },
            "Suriname": {
              "long": {
                "standard": "Surinam-tid"
              }
            },
            "Syowa": {
              "long": {
                "standard": "Syowa-tid"
              }
            },
            "Tahiti": {
              "long": {
                "standard": "Tahiti-tid"
              }
            },
            "Taipei": {
              "long": {
                "generic": "Taipei-tid",
                "standard": "Taipei-normaltid",
                "daylight": "Taipei-sommertid"
              }
            },
            "Tajikistan": {
              "long": {
                "standard": "Tadsjikisk tid"
              }
            },
            "Tokelau": {
              "long": {
                "standard": "Tokelau-tid"
              }
            },
            "Tonga": {
              "long": {
                "generic": "Tongansk tid",
                "standard": "Tongansk normaltid",
                "daylight": "Tongansk sommertid"
              }
            },
            "Truk": {
              "long": {
                "standard": "Chuuk-tid"
              }
            },
            "Turkmenistan": {
              "long": {
                "generic": "Turkmensk tid",
                "standard": "Turkmensk normaltid",
                "daylight": "Turkmensk sommertid"
              }
            },
            "Tuvalu": {
              "long": {
                "standard": "Tuvalu-tid"
              }
            },
            "Uruguay": {
              "long": {
                "generic": "Uruguayansk tid",
                "standard": "Uruguayansk normaltid",
                "daylight": "Uruguayansk sommertid"
              }
            },
            "Uzbekistan": {
              "long": {
                "generic": "Usbekisk tid",
                "standard": "Usbekisk normaltid",
                "daylight": "Usbekisk sommertid"
              }
            },
            "Vanuatu": {
              "long": {
                "generic": "Vanuatu-tid",
                "standard": "Vanuatu-normaltid",
                "daylight": "Vanuatu-sommertid"
              }
            },
            "Venezuela": {
              "long": {
                "standard": "Venezuelansk tid"
              }
            },
            "Vladivostok": {
              "long": {
                "generic": "Vladivostok-tid",
                "standard": "Vladivostok-normaltid",
                "daylight": "Vladivostok-sommertid"
              }
            },
            "Volgograd": {
              "long": {
                "generic": "Volgograd-tid",
                "standard": "Volgograd-normaltid",
                "daylight": "Volgograd-sommertid"
              }
            },
            "Vostok": {
              "long": {
                "standard": "Vostok-tid"
              }
            },
            "Wake": {
              "long": {
                "standard": "Wake Island-tid"
              }
            },
            "Wallis": {
              "long": {
                "standard": "Wallis og Futuna-tid"
              }
            },
            "Yakutsk": {
              "long": {
                "generic": "Jakutsk-tid",
                "standard": "Jakutsk-normaltid",
                "daylight": "Jakutsk-sommertid"
              }
            },
            "Yekaterinburg": {
              "long": {
                "generic": "Jekaterinburg-tid",
                "standard": "Jekaterinburg-normaltid",
                "daylight": "Jekaterinburg-sommertid"
              }
            }
          }
        }
      }
    }
  }
}
