{
  "main": {
    "bn-IN": {
      "identity": {
        "version": {
          "_cldrVersion": "36"
        },
        "language": "bn",
        "territory": "IN"
      },
      "dates": {
        "calendars": {
          "gregorian": {
            "months": {
              "format": {
                "abbreviated": {
                  "1": "জানু",
                  "2": "ফেব",
                  "3": "মার্চ",
                  "4": "এপ্রিল",
                  "5": "মে",
                  "6": "জুন",
                  "7": "জুলাই",
                  "8": "আগস্ট",
                  "9": "সেপ্টেম্বর",
                  "10": "অক্টোবর",
                  "11": "নভেম্বর",
                  "12": "ডিসেম্বর"
                },
                "narrow": {
                  "1": "জা",
                  "2": "ফে",
                  "3": "মা",
                  "4": "এ",
                  "5": "মে",
                  "6": "জুন",
                  "7": "জু",
                  "8": "আ",
                  "9": "সে",
                  "10": "অ",
                  "11": "ন",
                  "12": "ডি"
                },
                "wide": {
                  "1": "জানুয়ারী",
                  "2": "ফেব্রুয়ারী",
                  "3": "মার্চ",
                  "4": "এপ্রিল",
                  "5": "মে",
                  "6": "জুন",
                  "7": "জুলাই",
                  "8": "আগস্ট",
                  "9": "সেপ্টেম্বর",
                  "10": "অক্টোবর",
                  "11": "নভেম্বর",
                  "12": "ডিসেম্বর"
                }
              },
              "stand-alone": {
                "abbreviated": {
                  "1": "জানুয়ারী",
                  "2": "ফেব্রুয়ারী",
                  "3": "মার্চ",
                  "4": "এপ্রিল",
                  "5": "মে",
                  "6": "জুন",
                  "7": "জুলাই",
                  "8": "আগস্ট",
                  "9": "সেপ্টেম্বর",
                  "10": "অক্টোবর",
                  "11": "নভেম্বর",
                  "12": "ডিসেম্বর"
                },
                "narrow": {
                  "1": "জা",
                  "2": "ফে",
                  "3": "মা",
                  "4": "এ",
                  "5": "মে",
                  "6": "জুন",
                  "7": "জু",
                  "8": "আ",
                  "9": "সে",
                  "10": "অ",
                  "11": "ন",
                  "12": "ডি"
                },
                "wide": {
                  "1": "জানুয়ারী",
                  "2": "ফেব্রুয়ারী",
                  "3": "মার্চ",
                  "4": "এপ্রিল",
                  "5": "মে",
                  "6": "জুন",
                  "7": "জুলাই",
                  "8": "আগস্ট",
                  "9": "সেপ্টেম্বর",
                  "10": "অক্টোবর",
                  "11": "নভেম্বর",
                  "12": "ডিসেম্বর"
                }
              }
            },
            "days": {
              "format": {
                "abbreviated": {
                  "sun": "রবি",
                  "mon": "সোম",
                  "tue": "মঙ্গল",
                  "wed": "বুধ",
                  "thu": "বৃহস্পতি",
                  "fri": "শুক্র",
                  "sat": "শনি"
                },
                "narrow": {
                  "sun": "র",
                  "mon": "সো",
                  "tue": "ম",
                  "wed": "বু",
                  "thu": "বৃ",
                  "fri": "শু",
                  "sat": "শ"
                },
                "short": {
                  "sun": "রঃ",
                  "mon": "সোঃ",
                  "tue": "মঃ",
                  "wed": "বুঃ",
                  "thu": "বৃঃ",
                  "fri": "শুঃ",
                  "sat": "শনি"
                },
                "wide": {
                  "sun": "রবিবার",
                  "mon": "সোমবার",
                  "tue": "মঙ্গলবার",
                  "wed": "বুধবার",
                  "thu": "বৃহস্পতিবার",
                  "fri": "শুক্রবার",
                  "sat": "শনিবার"
                }
              },
              "stand-alone": {
                "abbreviated": {
                  "sun": "রবি",
                  "mon": "সোম",
                  "tue": "মঙ্গল",
                  "wed": "বুধ",
                  "thu": "বৃহস্পতি",
                  "fri": "শুক্র",
                  "sat": "শনি"
                },
                "narrow": {
                  "sun": "র",
                  "mon": "সো",
                  "tue": "ম",
                  "wed": "বু",
                  "thu": "বৃ",
                  "fri": "শু",
                  "sat": "শ"
                },
                "short": {
                  "sun": "রঃ",
                  "mon": "সোঃ",
                  "tue": "মঃ",
                  "wed": "বুঃ",
                  "thu": "বৃঃ",
                  "fri": "শুঃ",
                  "sat": "শনি"
                },
                "wide": {
                  "sun": "রবিবার",
                  "mon": "সোমবার",
                  "tue": "মঙ্গলবার",
                  "wed": "বুধবার",
                  "thu": "বৃহস্পতিবার",
                  "fri": "শুক্রবার",
                  "sat": "শনিবার"
                }
              }
            },
            "quarters": {
              "format": {
                "abbreviated": {
                  "1": "ত্রৈমাসিক",
                  "2": "দ্বিতীয় ত্রৈমাসিক",
                  "3": "তৃতীয় ত্রৈমাসিক",
                  "4": "চতুর্থ ত্রৈমাসিক"
                },
                "narrow": {
                  "1": "১",
                  "2": "২",
                  "3": "৩",
                  "4": "৪"
                },
                "wide": {
                  "1": "ত্রৈমাসিক",
                  "2": "দ্বিতীয় ত্রৈমাসিক",
                  "3": "তৃতীয় ত্রৈমাসিক",
                  "4": "চতুর্থ ত্রৈমাসিক"
                }
              },
              "stand-alone": {
                "abbreviated": {
                  "1": "Q1",
                  "2": "Q2",
                  "3": "Q3",
                  "4": "Q4"
                },
                "narrow": {
                  "1": "১",
                  "2": "২",
                  "3": "৩",
                  "4": "৪"
                },
                "wide": {
                  "1": "ত্রৈমাসিক",
                  "2": "দ্বিতীয় ত্রৈমাসিক",
                  "3": "তৃতীয় ত্রৈমাসিক",
                  "4": "চতুর্থ ত্রৈমাসিক"
                }
              }
            },
            "dayPeriods": {
              "format": {
                "abbreviated": {
                  "am": "AM",
                  "pm": "PM",
                  "morning1": "ভোর",
                  "morning2": "সকাল",
                  "afternoon1": "দুপুর",
                  "afternoon2": "বিকাল",
                  "evening1": "সন্ধ্যা",
                  "night1": "রাত্রি"
                },
                "narrow": {
                  "am": "AM",
                  "pm": "PM",
                  "morning1": "ভোর",
                  "morning2": "সকাল",
                  "afternoon1": "দুপুর",
                  "afternoon2": "বিকাল",
                  "evening1": "সন্ধ্যা",
                  "night1": "রাত্রি"
                },
                "wide": {
                  "am": "AM",
                  "pm": "PM",
                  "morning1": "ভোর",
                  "morning2": "সকাল",
                  "afternoon1": "দুপুর",
                  "afternoon2": "বিকাল",
                  "evening1": "সন্ধ্যা",
                  "night1": "রাত্রিতে"
                }
              },
              "stand-alone": {
                "abbreviated": {
                  "am": "AM",
                  "pm": "PM",
                  "morning1": "ভোর",
                  "morning2": "সকাল",
                  "afternoon1": "দুপুর",
                  "afternoon2": "বিকাল",
                  "evening1": "সন্ধ্যা",
                  "night1": "রাত্রি"
                },
                "narrow": {
                  "am": "AM",
                  "pm": "PM",
                  "morning1": "ভোর",
                  "morning2": "সকাল",
                  "afternoon1": "দুপুর",
                  "afternoon2": "বিকাল",
                  "evening1": "সন্ধ্যা",
                  "night1": "রাত্রি"
                },
                "wide": {
                  "am": "AM",
                  "pm": "PM",
                  "morning1": "ভোর",
                  "morning2": "সকাল",
                  "afternoon1": "দুপুর",
                  "afternoon2": "বিকাল",
                  "evening1": "সন্ধ্যা",
                  "night1": "রাত্রি"
                }
              }
            },
            "eras": {
              "eraNames": {
                "0": "খ্রিস্টপূর্ব",
                "0-alt-variant": "খ্রিষ্টপূর্বাব্দ",
                "1": "খ্রীষ্টাব্দ",
                "1-alt-variant": "খ্রিষ্টাব্দ"
              },
              "eraAbbr": {
                "0": "খ্রিস্টপূর্ব",
                "0-alt-variant": "খ্রিষ্টপূর্বাব্দ",
                "1": "খৃষ্টাব্দ",
                "1-alt-variant": "খ্রিষ্টাব্দ"
              },
              "eraNarrow": {
                "0": "খ্রিস্টপূর্ব",
                "0-alt-variant": "খ্রিষ্টপূর্বাব্দ",
                "1": "খৃষ্টাব্দ",
                "1-alt-variant": "খ্রিষ্টাব্দ"
              }
            },
            "dateFormats": {
              "full": "EEEE, d MMMM, y",
              "long": "d MMMM, y",
              "medium": "d MMM, y",
              "short": "d/M/yy"
            },
            "timeFormats": {
              "full": "h:mm:ss a zzzz",
              "long": "h:mm:ss a z",
              "medium": "h:mm:ss a",
              "short": "h:mm a"
            },
            "dateTimeFormats": {
              "full": "{1} {0}",
              "long": "{1} {0}",
              "medium": "{1} {0}",
              "short": "{1} {0}",
              "availableFormats": {
                "Bh": "h B",
                "Bhm": "h:mm B",
                "Bhms": "h:mm:ss B",
                "d": "d",
                "E": "ccc",
                "EBhm": "E h:mm B",
                "EBhms": "E h:mm:ss B",
                "Ed": "d E",
                "Ehm": "E h:mm a",
                "EHm": "E HH:mm",
                "Ehms": "E h:mm:ss a",
                "EHms": "E HH:mm:ss",
                "Gy": "y G",
                "GyMMM": "MMM y G",
                "GyMMMd": "d MMM, y G",
                "GyMMMEd": "E, d MMM, y G",
                "h": "h a",
                "H": "HH",
                "hm": "h:mm a",
                "Hm": "HH:mm",
                "hms": "h:mm:ss a",
                "Hms": "HH:mm:ss",
                "hmsv": "h:mm:ss a v",
                "Hmsv": "HH:mm:ss v",
                "hmv": "h:mm a v",
                "Hmv": "HH:mm v",
                "M": "L",
                "Md": "d/M",
                "MEd": "E, d-M",
                "MMdd": "dd-MM",
                "MMM": "LLL",
                "MMMd": "d MMM",
                "MMMEd": "E d MMM",
                "MMMMd": "d MMMM",
                "MMMMEd": "E d MMMM",
                "MMMMW-count-one": "MMMM এর Wয় সপ্তাহ",
                "MMMMW-count-other": "MMMM এর Wয় সপ্তাহ",
                "ms": "mm:ss",
                "y": "y",
                "yM": "M/y",
                "yMd": "d/M/y",
                "yMEd": "E, d/M/y",
                "yMM": "MM-y",
                "yMMM": "MMM y",
                "yMMMd": "d MMM, y",
                "yMMMEd": "E, d MMM, y",
                "yMMMM": "MMMM y",
                "yQQQ": "QQQ y",
                "yQQQQ": "QQQQ y",
                "yw-count-one": "Y এর wতম সপ্তাহ",
                "yw-count-other": "Y এর wতম সপ্তাহ"
              },
              "appendItems": {
                "Day": "{0} ({2}: {1})",
                "Day-Of-Week": "{0} {1}",
                "Era": "{1} {0}",
                "Hour": "{0} ({2}: {1})",
                "Minute": "{0} ({2}: {1})",
                "Month": "{0} ({2}: {1})",
                "Quarter": "{0} ({2}: {1})",
                "Second": "{0} ({2}: {1})",
                "Timezone": "{0} {1}",
                "Week": "{0} ({2}: {1})",
                "Year": "{1} {0}"
              },
              "intervalFormats": {
                "intervalFormatFallback": "{0} – {1}",
                "Bh": {
                  "B": "h B – h B",
                  "h": "h–h B"
                },
                "Bhm": {
                  "B": "h:mm B – h:mm B",
                  "h": "h:mm–h:mm B",
                  "m": "h:mm–h:mm B"
                },
                "d": {
                  "d": "d–d"
                },
                "Gy": {
                  "G": "y G – y G",
                  "y": "y – y G"
                },
                "GyM": {
                  "G": "M/y GGGGG – M/y GGGGG",
                  "M": "M/y – M/y GGGGG",
                  "y": "M/y – M/y GGGGG"
                },
                "GyMd": {
                  "d": "d/M/y – d/M/y GGGGG",
                  "G": "d/M/y GGGGG – d/M/y GGGGG",
                  "M": "d/M/y – d/M/y GGGGG",
                  "y": "d/M/y – d/M/y GGGGG"
                },
                "GyMEd": {
                  "d": "E, d/M/y – E, d/M/y GGGGG",
                  "G": "E, d/M/y GGGGG – E, d/M/y GGGGG",
                  "M": "E, d/M/y GGGGG – E, d/M/y GGGGG",
                  "y": "E, d/M/y – E, d/M/y GGGGG"
                },
                "GyMMM": {
                  "G": "MMM y G – MMM y G",
                  "M": "MMM – MMM y G",
                  "y": "MMM y – MMM y G"
                },
                "GyMMMd": {
                  "d": "d – d MMM, y G",
                  "G": "d MMM, y G – d MMM, y G",
                  "M": "d MMM – d MMM, y G",
                  "y": "d MMM, y – d MMM, y G"
                },
                "GyMMMEd": {
                  "d": "E, d MMM – E, d MMM, y G",
                  "G": "E, d MMM, y G – E, d MMM, y G",
                  "M": "E, d MMM – E, d MMM, y G",
                  "y": "E, d MMM, y – E, d MMM, y G"
                },
                "h": {
                  "a": "h a – h a",
                  "h": "h–h a"
                },
                "H": {
                  "H": "HH–HH"
                },
                "hm": {
                  "a": "h:mm a – h:mm a",
                  "h": "h:mm–h:mm a",
                  "m": "h:mm–h:mm a"
                },
                "Hm": {
                  "H": "HH:mm–HH:mm",
                  "m": "HH:mm–HH:mm"
                },
                "hmv": {
                  "a": "h:mm a – h:mm a v",
                  "h": "h:mm–h:mm a v",
                  "m": "h:mm–h:mm a v"
                },
                "Hmv": {
                  "H": "HH:mm–HH:mm v",
                  "m": "HH:mm–HH:mm v"
                },
                "hv": {
                  "a": "h a – h a v",
                  "h": "h–h a v"
                },
                "Hv": {
                  "H": "HH–HH v"
                },
                "M": {
                  "M": "M–M"
                },
                "Md": {
                  "d": "d/M – d/M",
                  "M": "d/M – d/M"
                },
                "MEd": {
                  "d": "E, d/M – E, d/M",
                  "M": "E, d/M – E, d/M"
                },
                "MMM": {
                  "M": "MMM – MMM"
                },
                "MMMd": {
                  "d": "d–d MMM",
                  "M": "d MMM – d MMM"
                },
                "MMMEd": {
                  "d": "E, d MMM – E, d MMM",
                  "M": "E, d MMM – E, d MMM"
                },
                "y": {
                  "y": "y–y"
                },
                "yM": {
                  "M": "M/y – M/y",
                  "y": "M/y – M/y"
                },
                "yMd": {
                  "d": "d/M/y – d/M/y",
                  "M": "d/M/y – d/M/y",
                  "y": "d/M/y – d/M/y"
                },
                "yMEd": {
                  "d": "E, d/M/y – E, d/M/y",
                  "M": "E, d/M/y – E, d/M/y",
                  "y": "E, d/M/y – E, d/M/y"
                },
                "yMMM": {
                  "M": "MMM–MMM y",
                  "y": "MMM y – MMM y"
                },
                "yMMMd": {
                  "d": "d–d MMM, y",
                  "M": "d MMM – d MMM, y",
                  "y": "d MMM, y – d MMM, y"
                },
                "yMMMEd": {
                  "d": "E, d MMM – E, d MMM, y",
                  "M": "E, d MMM – E, d MMM, y",
                  "y": "E, d MMM, y – E, d MMM, y"
                },
                "yMMMM": {
                  "M": "MMMM–MMMM y",
                  "y": "MMMM y – MMMM y"
                }
              }
            }
          }
        }
      }
    }
  }
}
