{
  "main": {
    "bs-Latn": {
      "identity": {
        "version": {
          "_cldrVersion": "36"
        },
        "language": "bs",
        "script": "Latn"
      },
      "dates": {
        "calendars": {
          "gregorian": {
            "months": {
              "format": {
                "abbreviated": {
                  "1": "jan",
                  "2": "feb",
                  "3": "mar",
                  "4": "apr",
                  "5": "maj",
                  "6": "jun",
                  "7": "jul",
                  "8": "aug",
                  "9": "sep",
                  "10": "okt",
                  "11": "nov",
                  "12": "dec"
                },
                "narrow": {
                  "1": "j",
                  "2": "f",
                  "3": "m",
                  "4": "a",
                  "5": "m",
                  "6": "j",
                  "7": "j",
                  "8": "a",
                  "9": "s",
                  "10": "o",
                  "11": "n",
                  "12": "d"
                },
                "wide": {
                  "1": "januar",
                  "2": "februar",
                  "3": "mart",
                  "4": "april",
                  "5": "maj",
                  "6": "juni",
                  "7": "juli",
                  "8": "august",
                  "9": "septembar",
                  "10": "oktobar",
                  "11": "novembar",
                  "12": "decembar"
                }
              },
              "stand-alone": {
                "abbreviated": {
                  "1": "jan",
                  "2": "feb",
                  "3": "mar",
                  "4": "apr",
                  "5": "maj",
                  "6": "jun",
                  "7": "jul",
                  "8": "aug",
                  "9": "sep",
                  "10": "okt",
                  "11": "nov",
                  "12": "dec"
                },
                "narrow": {
                  "1": "j",
                  "2": "f",
                  "3": "m",
                  "4": "a",
                  "5": "m",
                  "6": "j",
                  "7": "j",
                  "8": "a",
                  "9": "s",
                  "10": "o",
                  "11": "n",
                  "12": "d"
                },
                "wide": {
                  "1": "januar",
                  "2": "februar",
                  "3": "mart",
                  "4": "april",
                  "5": "maj",
                  "6": "juni",
                  "7": "juli",
                  "8": "august",
                  "9": "septembar",
                  "10": "oktobar",
                  "11": "novembar",
                  "12": "decembar"
                }
              }
            },
            "days": {
              "format": {
                "abbreviated": {
                  "sun": "ned",
                  "mon": "pon",
                  "tue": "uto",
                  "wed": "sri",
                  "thu": "čet",
                  "fri": "pet",
                  "sat": "sub"
                },
                "narrow": {
                  "sun": "N",
                  "mon": "P",
                  "tue": "U",
                  "wed": "S",
                  "thu": "Č",
                  "fri": "P",
                  "sat": "S"
                },
                "short": {
                  "sun": "ned",
                  "mon": "pon",
                  "tue": "uto",
                  "wed": "sri",
                  "thu": "čet",
                  "fri": "pet",
                  "sat": "sub"
                },
                "wide": {
                  "sun": "nedjelja",
                  "mon": "ponedjeljak",
                  "tue": "utorak",
                  "wed": "srijeda",
                  "thu": "četvrtak",
                  "fri": "petak",
                  "sat": "subota"
                }
              },
              "stand-alone": {
                "abbreviated": {
                  "sun": "ned",
                  "mon": "pon",
                  "tue": "uto",
                  "wed": "sri",
                  "thu": "čet",
                  "fri": "pet",
                  "sat": "sub"
                },
                "narrow": {
                  "sun": "n",
                  "mon": "p",
                  "tue": "u",
                  "wed": "s",
                  "thu": "č",
                  "fri": "p",
                  "sat": "s"
                },
                "short": {
                  "sun": "ned",
                  "mon": "pon",
                  "tue": "uto",
                  "wed": "sri",
                  "thu": "čet",
                  "fri": "pet",
                  "sat": "sub"
                },
                "wide": {
                  "sun": "nedjelja",
                  "mon": "ponedjeljak",
                  "tue": "utorak",
                  "wed": "srijeda",
                  "thu": "četvrtak",
                  "fri": "petak",
                  "sat": "subota"
                }
              }
            },
            "quarters": {
              "format": {
                "abbreviated": {
                  "1": "KV1",
                  "2": "KV2",
                  "3": "KV3",
                  "4": "KV4"
                },
                "narrow": {
                  "1": "1.",
                  "2": "2.",
                  "3": "3.",
                  "4": "4."
                },
                "wide": {
                  "1": "Prvi kvartal",
                  "2": "Drugi kvartal",
                  "3": "Treći kvartal",
                  "4": "Četvrti kvartal"
                }
              },
              "stand-alone": {
                "abbreviated": {
                  "1": "KV1",
                  "2": "KV2",
                  "3": "KV3",
                  "4": "KV4"
                },
                "narrow": {
                  "1": "1.",
                  "2": "2.",
                  "3": "3.",
                  "4": "4."
                },
                "wide": {
                  "1": "Prvi kvartal",
                  "2": "Drugi kvartal",
                  "3": "Treći kvartal",
                  "4": "Četvrti kvartal"
                }
              }
            },
            "dayPeriods": {
              "format": {
                "abbreviated": {
                  "midnight": "ponoć",
                  "am": "AM",
                  "noon": "podne",
                  "pm": "PM",
                  "morning1": "ujutro",
                  "afternoon1": "poslijepodne",
                  "evening1": "navečer",
                  "night1": "po noći"
                },
                "narrow": {
                  "midnight": "ponoć",
                  "am": "prijepodne",
                  "noon": "podne",
                  "pm": "popodne",
                  "morning1": "ujutro",
                  "afternoon1": "poslijepodne",
                  "evening1": "navečer",
                  "night1": "po noći"
                },
                "wide": {
                  "midnight": "ponoć",
                  "am": "prijepodne",
                  "noon": "podne",
                  "pm": "popodne",
                  "morning1": "ujutro",
                  "afternoon1": "poslijepodne",
                  "evening1": "navečer",
                  "night1": "po noći"
                }
              },
              "stand-alone": {
                "abbreviated": {
                  "midnight": "ponoć",
                  "am": "AM",
                  "noon": "podne",
                  "pm": "PM",
                  "morning1": "ujutro",
                  "afternoon1": "poslijepodne",
                  "evening1": "navečer",
                  "night1": "po noći"
                },
                "narrow": {
                  "midnight": "ponoć",
                  "am": "prijepodne",
                  "noon": "podne",
                  "pm": "popodne",
                  "morning1": "ujutro",
                  "afternoon1": "poslijepodne",
                  "evening1": "navečer",
                  "night1": "po noći"
                },
                "wide": {
                  "midnight": "ponoć",
                  "am": "prijepodne",
                  "noon": "podne",
                  "pm": "popodne",
                  "morning1": "ujutro",
                  "afternoon1": "poslijepodne",
                  "evening1": "navečer",
                  "night1": "po noći"
                }
              }
            },
            "eras": {
              "eraNames": {
                "0": "prije nove ere",
                "0-alt-variant": "P.n.e.",
                "1": "nove ere",
                "1-alt-variant": "Nove ere"
              },
              "eraAbbr": {
                "0": "p. n. e.",
                "0-alt-variant": "p.n.e.",
                "1": "n. e.",
                "1-alt-variant": "n.e."
              },
              "eraNarrow": {
                "0": "p.n.e.",
                "0-alt-variant": "p.n.e.",
                "1": "n.e.",
                "1-alt-variant": "n.e."
              }
            },
            "dateFormats": {
              "full": "EEEE, d. MMMM y.",
              "long": "d. MMMM y.",
              "medium": "d. MMM y.",
              "short": "d. M. y."
            },
            "timeFormats": {
              "full": "HH:mm:ss zzzz",
              "long": "HH:mm:ss z",
              "medium": "HH:mm:ss",
              "short": "HH:mm"
            },
            "dateTimeFormats": {
              "full": "{1} 'u' {0}",
              "long": "{1} 'u' {0}",
              "medium": "{1} {0}",
              "short": "{1} {0}",
              "availableFormats": {
                "Bh": "h B",
                "Bhm": "h:mm B",
                "Bhms": "h:mm:ss B",
                "d": "d.",
                "E": "ccc",
                "EBhm": "E h:mm B",
                "EBhms": "E h:mm:ss B",
                "Ed": "E, d.",
                "Ehm": "E h:mm a",
                "EHm": "E HH:mm",
                "Ehms": "E h:mm:ss a",
                "EHms": "E HH:mm:ss",
                "Gy": "y. G",
                "GyMMM": "MMM y. G",
                "GyMMMd": "d. MMM y. G",
                "GyMMMEd": "E, d. MMM y. G",
                "h": "h a",
                "H": "HH",
                "hm": "hh:mm a",
                "Hm": "HH:mm",
                "hms": "hh:mm:ss a",
                "Hms": "HH:mm:ss",
                "hmsv": "h:mm:ss a (v)",
                "Hmsv": "HH:mm:ss (v)",
                "hmv": "h:mm a (v)",
                "Hmv": "HH:mm (v)",
                "M": "L",
                "Md": "d.M.",
                "MEd": "E, d.M.",
                "MMdd": "d. M.",
                "MMM": "LLL",
                "MMMd": "d. MMM",
                "MMMEd": "E, d. MMM",
                "MMMMd": "d. MMMM",
                "MMMMEd": "E, d. MMMM",
                "MMMMW-count-one": "W. 'sedmica' 'mjesec' MMMM",
                "MMMMW-count-few": "W. 'sedmica' 'mjesec' MMMM",
                "MMMMW-count-other": "W. 'sedmica' 'mjesec' MMMM",
                "ms": "mm:ss",
                "y": "y.",
                "yM": "MM/y",
                "yMd": "d.M.y.",
                "yMEd": "E, d.M.y.",
                "yMM": "M/y",
                "yMMM": "MMM y.",
                "yMMMd": "d. MMM y.",
                "yMMMEd": "E, d. MMM y.",
                "yMMMM": "LLLL y.",
                "yQQQ": "QQQ y.",
                "yQQQQ": "QQQQ y.",
                "yw-count-one": "w. 'sedmica' 'u' Y.",
                "yw-count-few": "w. 'sedmica' 'u' Y.",
                "yw-count-other": "w. 'sedmica' 'u' Y."
              },
              "appendItems": {
                "Day": "{0} ({2}: {1})",
                "Day-Of-Week": "{0} {1}",
                "Era": "{1} {0}",
                "Hour": "{0} ({2}: {1})",
                "Minute": "{0} ({2}: {1})",
                "Month": "{0} ({2}: {1})",
                "Quarter": "{0} ({2}: {1})",
                "Second": "{0} ({2}: {1})",
                "Timezone": "{0} {1}",
                "Week": "{0} ({2}: {1})",
                "Year": "{1} {0}"
              },
              "intervalFormats": {
                "intervalFormatFallback": "{0} - {1}",
                "Bh": {
                  "B": "h B – h B",
                  "h": "h – h B"
                },
                "Bhm": {
                  "B": "h:mm B – h:mm B",
                  "h": "h:mm – h:mm B",
                  "m": "h:mm – h:mm B"
                },
                "d": {
                  "d": "d–d."
                },
                "Gy": {
                  "G": "G y – G y",
                  "y": "G y–y"
                },
                "GyM": {
                  "G": "GGGGG y-MM – GGGGG y-MM",
                  "M": "GGGGG y-MM – y-MM",
                  "y": "GGGGG y-MM – y-MM"
                },
                "GyMd": {
                  "d": "GGGGG y-MM-dd – y-MM-dd",
                  "G": "GGGGG y-MM-dd – GGGGG y-MM-dd",
                  "M": "GGGGG y-MM-dd – y-MM-dd",
                  "y": "GGGGG y-MM-dd – y-MM-dd"
                },
                "GyMEd": {
                  "d": "GGGGG y-MM-dd, E – y-MM-dd, E",
                  "G": "GGGGG y-MM-dd, E – GGGGG y-MM-dd, E",
                  "M": "GGGGG y-MM-dd, E – y-MM-dd, E",
                  "y": "GGGGG y-MM-dd, E – y-MM-dd, E"
                },
                "GyMMM": {
                  "G": "G y MMM – G y MMM",
                  "M": "G y MMM–MMM",
                  "y": "G y MMM – y MMM"
                },
                "GyMMMd": {
                  "d": "G y MMM d–d",
                  "G": "G y MMM d – G y MMM d",
                  "M": "G y MMM d – MMM d",
                  "y": "G y MMM d – y MMM d"
                },
                "GyMMMEd": {
                  "d": "G y MMM d, E – MMM d, E",
                  "G": "G y MMM d, E – G y MMM d, E",
                  "M": "G y MMM d, E – MMM d, E",
                  "y": "G y MMM d, E – y MMM d, E"
                },
                "h": {
                  "a": "h a – h a",
                  "h": "h – h'h' a"
                },
                "H": {
                  "H": "HH – HH'h'"
                },
                "hm": {
                  "a": "h:mm a – h:mm a",
                  "h": "h:mm – h:mm a",
                  "m": "h:mm – h:mm a"
                },
                "Hm": {
                  "H": "HH:mm – HH:mm",
                  "m": "HH:mm – HH:mm"
                },
                "hmv": {
                  "a": "h:mm a – h:mm a v",
                  "h": "h:mm – h:mm a v",
                  "m": "h:mm – h:mm a v"
                },
                "Hmv": {
                  "H": "HH:mm – HH:mm v",
                  "m": "HH:mm – HH:mm v"
                },
                "hv": {
                  "a": "h a – h a v",
                  "h": "h – h 'h' a v"
                },
                "Hv": {
                  "H": "HH – HH 'h' v"
                },
                "M": {
                  "M": "M–M."
                },
                "Md": {
                  "d": "d. M – d. M.",
                  "M": "d. M – d. M."
                },
                "MEd": {
                  "d": "E, d.M. – E, d.M.",
                  "M": "E, d.M. – E, d.M."
                },
                "MMM": {
                  "M": "LLL–LLL"
                },
                "MMMd": {
                  "d": "d.–d. MMM",
                  "M": "d. MMM – d. MMM"
                },
                "MMMEd": {
                  "d": "E, d. – E, d. MMM",
                  "M": "E, d. MMM – E, d. MMM"
                },
                "y": {
                  "y": "y–y"
                },
                "yM": {
                  "M": "M/y – M/y",
                  "y": "M/y – M/y"
                },
                "yMd": {
                  "d": "d.M.y. – d.M.y.",
                  "M": "d.M.y. – d.M.y.",
                  "y": "d.M.y. – d.M.y."
                },
                "yMEd": {
                  "d": "E, d.M.y. – E, d.M.y.",
                  "M": "E, d.M.y. – E, d.M.y.",
                  "y": "E, d.M.y. – E, d.M.y."
                },
                "yMMM": {
                  "M": "LLL – LLL y.",
                  "y": "LLL y. – LLL y."
                },
                "yMMMd": {
                  "d": "d. – d. MMM y.",
                  "M": "d. MMM – d. MMM y.",
                  "y": "d. MMM y. – d. MMM y."
                },
                "yMMMEd": {
                  "d": "E, d. – E, d. MMM y.",
                  "M": "E, d. MMM – E, d. MMM y.",
                  "y": "E, d. MMM y. – E, d. MMM y."
                },
                "yMMMM": {
                  "M": "LLLL – LLLL y.",
                  "y": "LLLL y. – LLLL y."
                }
              }
            }
          }
        }
      }
    }
  }
}
