{
  "main": {
    "cy": {
      "identity": {
        "version": {
          "_cldrVersion": "36"
        },
        "language": "cy"
      },
      "dates": {
        "calendars": {
          "gregorian": {
            "months": {
              "format": {
                "abbreviated": {
                  "1": "Ion",
                  "2": "Chwef",
                  "3": "Maw",
                  "4": "Ebr",
                  "5": "Mai",
                  "6": "Meh",
                  "7": "Gorff",
                  "8": "Awst",
                  "9": "Medi",
                  "10": "Hyd",
                  "11": "Tach",
                  "12": "Rhag"
                },
                "narrow": {
                  "1": "I",
                  "2": "Ch",
                  "3": "M",
                  "4": "E",
                  "5": "M",
                  "6": "M",
                  "7": "G",
                  "8": "A",
                  "9": "M",
                  "10": "H",
                  "11": "T",
                  "12": "Rh"
                },
                "wide": {
                  "1": "Ionawr",
                  "2": "Chwefror",
                  "3": "Mawrth",
                  "4": "Ebrill",
                  "5": "Mai",
                  "6": "Mehefin",
                  "7": "Gorffennaf",
                  "8": "Awst",
                  "9": "Medi",
                  "10": "Hydref",
                  "11": "Tachwedd",
                  "12": "Rhagfyr"
                }
              },
              "stand-alone": {
                "abbreviated": {
                  "1": "Ion",
                  "2": "Chw",
                  "3": "Maw",
                  "4": "Ebr",
                  "5": "Mai",
                  "6": "Meh",
                  "7": "Gor",
                  "8": "Awst",
                  "9": "Medi",
                  "10": "Hyd",
                  "11": "Tach",
                  "12": "Rhag"
                },
                "narrow": {
                  "1": "I",
                  "2": "Ch",
                  "3": "M",
                  "4": "E",
                  "5": "M",
                  "6": "M",
                  "7": "G",
                  "8": "A",
                  "9": "M",
                  "10": "H",
                  "11": "T",
                  "12": "Rh"
                },
                "wide": {
                  "1": "Ionawr",
                  "2": "Chwefror",
                  "3": "Mawrth",
                  "4": "Ebrill",
                  "5": "Mai",
                  "6": "Mehefin",
                  "7": "Gorffennaf",
                  "8": "Awst",
                  "9": "Medi",
                  "10": "Hydref",
                  "11": "Tachwedd",
                  "12": "Rhagfyr"
                }
              }
            },
            "days": {
              "format": {
                "abbreviated": {
                  "sun": "Sul",
                  "mon": "Llun",
                  "tue": "Maw",
                  "wed": "Mer",
                  "thu": "Iau",
                  "fri": "Gwen",
                  "sat": "Sad"
                },
                "narrow": {
                  "sun": "S",
                  "mon": "Ll",
                  "tue": "M",
                  "wed": "M",
                  "thu": "I",
                  "fri": "G",
                  "sat": "S"
                },
                "short": {
                  "sun": "Su",
                  "mon": "Ll",
                  "tue": "Ma",
                  "wed": "Me",
                  "thu": "Ia",
                  "fri": "Gw",
                  "sat": "Sa"
                },
                "wide": {
                  "sun": "Dydd Sul",
                  "mon": "Dydd Llun",
                  "tue": "Dydd Mawrth",
                  "wed": "Dydd Mercher",
                  "thu": "Dydd Iau",
                  "fri": "Dydd Gwener",
                  "sat": "Dydd Sadwrn"
                }
              },
              "stand-alone": {
                "abbreviated": {
                  "sun": "Sul",
                  "mon": "Llun",
                  "tue": "Maw",
                  "wed": "Mer",
                  "thu": "Iau",
                  "fri": "Gwe",
                  "sat": "Sad"
                },
                "narrow": {
                  "sun": "S",
                  "mon": "Ll",
                  "tue": "M",
                  "wed": "M",
                  "thu": "I",
                  "fri": "G",
                  "sat": "S"
                },
                "short": {
                  "sun": "Su",
                  "mon": "Ll",
                  "tue": "Ma",
                  "wed": "Me",
                  "thu": "Ia",
                  "fri": "Gw",
                  "sat": "Sa"
                },
                "wide": {
                  "sun": "Dydd Sul",
                  "mon": "Dydd Llun",
                  "tue": "Dydd Mawrth",
                  "wed": "Dydd Mercher",
                  "thu": "Dydd Iau",
                  "fri": "Dydd Gwener",
                  "sat": "Dydd Sadwrn"
                }
              }
            },
            "quarters": {
              "format": {
                "abbreviated": {
                  "1": "Ch1",
                  "2": "Ch2",
                  "3": "Ch3",
                  "4": "Ch4"
                },
                "narrow": {
                  "1": "1",
                  "2": "2",
                  "3": "3",
                  "4": "4"
                },
                "wide": {
                  "1": "chwarter 1af",
                  "2": "2il chwarter",
                  "3": "3ydd chwarter",
                  "4": "4ydd chwarter"
                }
              },
              "stand-alone": {
                "abbreviated": {
                  "1": "Ch1",
                  "2": "Ch2",
                  "3": "Ch3",
                  "4": "Ch4"
                },
                "narrow": {
                  "1": "1",
                  "2": "2",
                  "3": "3",
                  "4": "4"
                },
                "wide": {
                  "1": "chwarter 1af",
                  "2": "2il chwarter",
                  "3": "3ydd chwarter",
                  "4": "4ydd chwarter"
                }
              }
            },
            "dayPeriods": {
              "format": {
                "abbreviated": {
                  "midnight": "canol nos",
                  "am": "AM",
                  "noon": "canol dydd",
                  "pm": "PM",
                  "morning1": "y bore",
                  "afternoon1": "y prynhawn",
                  "evening1": "yr hwyr"
                },
                "narrow": {
                  "midnight": "canol nos",
                  "am": "b",
                  "noon": "canol dydd",
                  "pm": "h",
                  "morning1": "yn y bore",
                  "afternoon1": "yn y prynhawn",
                  "evening1": "min nos"
                },
                "wide": {
                  "midnight": "canol nos",
                  "am": "yb",
                  "noon": "canol dydd",
                  "pm": "yh",
                  "morning1": "y bore",
                  "afternoon1": "y prynhawn",
                  "evening1": "yr hwyr"
                }
              },
              "stand-alone": {
                "abbreviated": {
                  "midnight": "canol nos",
                  "am": "AM",
                  "noon": "canol dydd",
                  "pm": "PM",
                  "morning1": "bore",
                  "afternoon1": "prynhawn",
                  "evening1": "yr hwyr"
                },
                "narrow": {
                  "midnight": "canol nos",
                  "am": "AM",
                  "noon": "canol dydd",
                  "pm": "PM",
                  "morning1": "bore",
                  "afternoon1": "prynhawn",
                  "evening1": "min nos"
                },
                "wide": {
                  "midnight": "canol nos",
                  "am": "AM",
                  "noon": "canol dydd",
                  "pm": "PM",
                  "morning1": "y bore",
                  "afternoon1": "y prynhawn",
                  "evening1": "yr hwyr"
                }
              }
            },
            "eras": {
              "eraNames": {
                "0": "Cyn Crist",
                "0-alt-variant": "Cyn Cyfnod Cyffredin",
                "1": "Oed Crist",
                "1-alt-variant": "Cyfnod Cyffredin"
              },
              "eraAbbr": {
                "0": "CC",
                "0-alt-variant": "CCC",
                "1": "OC",
                "1-alt-variant": "CYCY"
              },
              "eraNarrow": {
                "0": "C",
                "0-alt-variant": "CCC",
                "1": "O",
                "1-alt-variant": "CYCY"
              }
            },
            "dateFormats": {
              "full": "EEEE, d MMMM y",
              "long": "d MMMM y",
              "medium": "d MMM y",
              "short": "dd/MM/yy"
            },
            "timeFormats": {
              "full": "HH:mm:ss zzzz",
              "long": "HH:mm:ss z",
              "medium": "HH:mm:ss",
              "short": "HH:mm"
            },
            "dateTimeFormats": {
              "full": "{1} 'am' {0}",
              "long": "{1} 'am' {0}",
              "medium": "{1} {0}",
              "short": "{1} {0}",
              "availableFormats": {
                "Bh": "h B",
                "Bhm": "h:mm B",
                "Bhms": "h:mm:ss B",
                "d": "d",
                "E": "ccc",
                "EBhm": "E h:mm B",
                "EBhms": "E h:mm:ss B",
                "Ed": "d, E",
                "Ehm": "E, h:mm a",
                "EHm": "E, HH:mm",
                "Ehms": "E, h:mm:ss a",
                "EHms": "E, HH:mm:ss",
                "Gy": "y G",
                "GyMMM": "MMM y G",
                "GyMMMd": "d MMM y G",
                "GyMMMEd": "E, d MMM y G",
                "h": "h a",
                "H": "HH",
                "hm": "h:mm a",
                "Hm": "HH:mm",
                "hms": "h:mm:ss a",
                "Hms": "HH:mm:ss",
                "hmsv": "h:mm:ss a v",
                "Hmsv": "HH:mm:ss v",
                "hmv": "h:mm a v",
                "Hmv": "HH:mm v",
                "M": "L",
                "Md": "d/M",
                "MEd": "E, d/M",
                "MMM": "LLL",
                "MMMd": "d MMM",
                "MMMEd": "E, d MMM",
                "MMMMd": "MMMM d",
                "MMMMW-count-zero": "'wythnos' W 'o' MMMM",
                "MMMMW-count-one": "'wythnos' W 'o' MMMM",
                "MMMMW-count-two": "'wythnos' W 'o' MMMM",
                "MMMMW-count-few": "'wythnos' W 'o' MMMM",
                "MMMMW-count-many": "'wythnos' W 'o' MMMM",
                "MMMMW-count-other": "'wythnos' W 'o' MMMM",
                "ms": "mm:ss",
                "y": "y",
                "yM": "M/y",
                "yMd": "d/M/y",
                "yMEd": "E, d/M/y",
                "yMMM": "MMM y",
                "yMMMd": "d MMM y",
                "yMMMEd": "E, d MMM y",
                "yMMMM": "MMMM y",
                "yQ": "Q y",
                "yQQQ": "QQQ y",
                "yQQQQ": "QQQQ y",
                "yw-count-zero": "'wythnos' w 'o' Y",
                "yw-count-one": "'wythnos' w 'o' Y",
                "yw-count-two": "'wythnos' w 'o' Y",
                "yw-count-few": "'wythnos' w 'o' Y",
                "yw-count-many": "'wythnos' w 'o' Y",
                "yw-count-other": "'wythnos' w 'o' Y"
              },
              "appendItems": {
                "Day": "{0} ({2}: {1})",
                "Day-Of-Week": "{0} {1}",
                "Era": "{1} {0}",
                "Hour": "{0} ({2}: {1})",
                "Minute": "{0} ({2}: {1})",
                "Month": "{0} ({2}: {1})",
                "Quarter": "{0} ({2}: {1})",
                "Second": "{0} ({2}: {1})",
                "Timezone": "{0} {1}",
                "Week": "{0} ({2}: {1})",
                "Year": "{1} {0}"
              },
              "intervalFormats": {
                "intervalFormatFallback": "{0} – {1}",
                "Bh": {
                  "B": "h B – h B",
                  "h": "h–h B"
                },
                "Bhm": {
                  "B": "h:mm B – h:mm B",
                  "h": "h:mm–h:mm B",
                  "m": "h:mm–h:mm B"
                },
                "d": {
                  "d": "d–d"
                },
                "Gy": {
                  "G": "G y – G y",
                  "y": "G y–y"
                },
                "GyM": {
                  "G": "GGGGG y-MM – GGGGG y-MM",
                  "M": "GGGGG y-MM – y-MM",
                  "y": "GGGGG y-MM – y-MM"
                },
                "GyMd": {
                  "d": "GGGGG y-MM-dd – y-MM-dd",
                  "G": "GGGGG y-MM-dd – GGGGG y-MM-dd",
                  "M": "GGGGG y-MM-dd – y-MM-dd",
                  "y": "GGGGG y-MM-dd – y-MM-dd"
                },
                "GyMEd": {
                  "d": "GGGGG y-MM-dd, E – y-MM-dd, E",
                  "G": "GGGGG y-MM-dd, E – GGGGG y-MM-dd, E",
                  "M": "GGGGG y-MM-dd, E – y-MM-dd, E",
                  "y": "GGGGG y-MM-dd, E – y-MM-dd, E"
                },
                "GyMMM": {
                  "G": "G y MMM – G y MMM",
                  "M": "G y MMM–MMM",
                  "y": "G y MMM – y MMM"
                },
                "GyMMMd": {
                  "d": "G y MMM d–d",
                  "G": "G y MMM d – G y MMM d",
                  "M": "G y MMM d – MMM d",
                  "y": "G y MMM d – y MMM d"
                },
                "GyMMMEd": {
                  "d": "G y MMM d, E – MMM d, E",
                  "G": "G y MMM d, E – G y MMM d, E",
                  "M": "G y MMM d, E – MMM d, E",
                  "y": "G y MMM d, E – y MMM d, E"
                },
                "h": {
                  "a": "h a – h a",
                  "h": "h – h a"
                },
                "H": {
                  "H": "HH – HH"
                },
                "hm": {
                  "a": "h:mm a – h:mm a",
                  "h": "h:mm h:mm a",
                  "m": "h:mm – h:mm a"
                },
                "Hm": {
                  "H": "HH:mm – HH:mm",
                  "m": "HH:mm – HH:mm"
                },
                "hmv": {
                  "a": "h:mm a – h:mm a v",
                  "h": "h:mm – h:mm a v",
                  "m": "h:mm – h:mm a v"
                },
                "Hmv": {
                  "H": "HH:mm – HH:mm v",
                  "m": "HH:mm – HH:mm v"
                },
                "hv": {
                  "a": "h a – h a v",
                  "h": "h – h a v"
                },
                "Hv": {
                  "H": "HH – HH v"
                },
                "M": {
                  "M": "M–M"
                },
                "Md": {
                  "d": "d/M – d/M",
                  "M": "d/M – d/M"
                },
                "MEd": {
                  "d": "E, d/M – E, d/M",
                  "M": "E, d/M – E, d/M"
                },
                "MMM": {
                  "M": "MMM–MMM"
                },
                "MMMd": {
                  "d": "d – d MMM",
                  "M": "d MMM – d MMM"
                },
                "MMMEd": {
                  "d": "E, d MMM – E, d MMM",
                  "M": "E, d MMM – E, d MMM"
                },
                "MMMM": {
                  "M": "LLLL–LLLL"
                },
                "y": {
                  "y": "y–y"
                },
                "yM": {
                  "M": "M/y – M/y",
                  "y": "M/y – M/y"
                },
                "yMd": {
                  "d": "d/M/y – d/M/y",
                  "M": "d/M/y – d/M/y",
                  "y": "d/M/y – d/M/y"
                },
                "yMEd": {
                  "d": "E, d/M/y – E, d/M/y",
                  "M": "E, d/M/y – E, d/M/y",
                  "y": "E, d/M/y – E, d/M/y"
                },
                "yMMM": {
                  "M": "MMM – MMM y",
                  "y": "MMM y – MMM y"
                },
                "yMMMd": {
                  "d": "d–d MMM y",
                  "M": "d MMM – d MMM y",
                  "y": "d MMM, y – d MMM y"
                },
                "yMMMEd": {
                  "d": "E, d MMM – E, d MMM y",
                  "M": "E, d MMM – E, d MMM y",
                  "y": "E, d MMM y – E, d MMM y"
                },
                "yMMMM": {
                  "M": "MMMM – MMMM y",
                  "y": "MMMM y – MMMM y"
                }
              }
            }
          }
        }
      }
    }
  }
}
