{
  "main": {
    "ca-IT": {
      "identity": {
        "version": {
          "_cldrVersion": "36"
        },
        "language": "ca",
        "territory": "IT"
      },
      "dates": {
        "calendars": {
          "gregorian": {
            "months": {
              "format": {
                "abbreviated": {
                  "1": "de gen.",
                  "2": "de febr.",
                  "3": "de març",
                  "4": "d’abr.",
                  "5": "de maig",
                  "6": "de juny",
                  "7": "de jul.",
                  "8": "d’ag.",
                  "9": "de set.",
                  "10": "d’oct.",
                  "11": "de nov.",
                  "12": "de des."
                },
                "narrow": {
                  "1": "GN",
                  "2": "FB",
                  "3": "MÇ",
                  "4": "AB",
                  "5": "MG",
                  "6": "JN",
                  "7": "JL",
                  "8": "AG",
                  "9": "ST",
                  "10": "OC",
                  "11": "NV",
                  "12": "DS"
                },
                "wide": {
                  "1": "de gener",
                  "2": "de febrer",
                  "3": "de març",
                  "4": "d’abril",
                  "5": "de maig",
                  "6": "de juny",
                  "7": "de juliol",
                  "8": "d’agost",
                  "9": "de setembre",
                  "10": "d’octubre",
                  "11": "de novembre",
                  "12": "de desembre"
                }
              },
              "stand-alone": {
                "abbreviated": {
                  "1": "gen.",
                  "2": "febr.",
                  "3": "març",
                  "4": "abr.",
                  "5": "maig",
                  "6": "juny",
                  "7": "jul.",
                  "8": "ag.",
                  "9": "set.",
                  "10": "oct.",
                  "11": "nov.",
                  "12": "des."
                },
                "narrow": {
                  "1": "GN",
                  "2": "FB",
                  "3": "MÇ",
                  "4": "AB",
                  "5": "MG",
                  "6": "JN",
                  "7": "JL",
                  "8": "AG",
                  "9": "ST",
                  "10": "OC",
                  "11": "NV",
                  "12": "DS"
                },
                "wide": {
                  "1": "gener",
                  "2": "febrer",
                  "3": "març",
                  "4": "abril",
                  "5": "maig",
                  "6": "juny",
                  "7": "juliol",
                  "8": "agost",
                  "9": "setembre",
                  "10": "octubre",
                  "11": "novembre",
                  "12": "desembre"
                }
              }
            },
            "days": {
              "format": {
                "abbreviated": {
                  "sun": "dg.",
                  "mon": "dl.",
                  "tue": "dt.",
                  "wed": "dc.",
                  "thu": "dj.",
                  "fri": "dv.",
                  "sat": "ds."
                },
                "narrow": {
                  "sun": "dg",
                  "mon": "dl",
                  "tue": "dt",
                  "wed": "dc",
                  "thu": "dj",
                  "fri": "dv",
                  "sat": "ds"
                },
                "short": {
                  "sun": "dg.",
                  "mon": "dl.",
                  "tue": "dt.",
                  "wed": "dc.",
                  "thu": "dj.",
                  "fri": "dv.",
                  "sat": "ds."
                },
                "wide": {
                  "sun": "diumenge",
                  "mon": "dilluns",
                  "tue": "dimarts",
                  "wed": "dimecres",
                  "thu": "dijous",
                  "fri": "divendres",
                  "sat": "dissabte"
                }
              },
              "stand-alone": {
                "abbreviated": {
                  "sun": "dg.",
                  "mon": "dl.",
                  "tue": "dt.",
                  "wed": "dc.",
                  "thu": "dj.",
                  "fri": "dv.",
                  "sat": "ds."
                },
                "narrow": {
                  "sun": "dg",
                  "mon": "dl",
                  "tue": "dt",
                  "wed": "dc",
                  "thu": "dj",
                  "fri": "dv",
                  "sat": "ds"
                },
                "short": {
                  "sun": "dg.",
                  "mon": "dl.",
                  "tue": "dt.",
                  "wed": "dc.",
                  "thu": "dj.",
                  "fri": "dv.",
                  "sat": "ds."
                },
                "wide": {
                  "sun": "diumenge",
                  "mon": "dilluns",
                  "tue": "dimarts",
                  "wed": "dimecres",
                  "thu": "dijous",
                  "fri": "divendres",
                  "sat": "dissabte"
                }
              }
            },
            "quarters": {
              "format": {
                "abbreviated": {
                  "1": "1T",
                  "2": "2T",
                  "3": "3T",
                  "4": "4T"
                },
                "narrow": {
                  "1": "1",
                  "2": "2",
                  "3": "3",
                  "4": "4"
                },
                "wide": {
                  "1": "1r trimestre",
                  "2": "2n trimestre",
                  "3": "3r trimestre",
                  "4": "4t trimestre"
                }
              },
              "stand-alone": {
                "abbreviated": {
                  "1": "1T",
                  "2": "2T",
                  "3": "3T",
                  "4": "4T"
                },
                "narrow": {
                  "1": "1",
                  "2": "2",
                  "3": "3",
                  "4": "4"
                },
                "wide": {
                  "1": "1r trimestre",
                  "2": "2n trimestre",
                  "3": "3r trimestre",
                  "4": "4t trimestre"
                }
              }
            },
            "dayPeriods": {
              "format": {
                "abbreviated": {
                  "midnight": "mitjanit",
                  "am": "a. m.",
                  "pm": "p. m.",
                  "morning1": "matinada",
                  "morning2": "matí",
                  "afternoon1": "migdia",
                  "afternoon2": "tarda",
                  "evening1": "vespre",
                  "night1": "nit"
                },
                "narrow": {
                  "midnight": "mitjanit",
                  "am": "a. m.",
                  "pm": "p. m.",
                  "morning1": "mat.",
                  "morning2": "matí",
                  "afternoon1": "md",
                  "afternoon2": "tarda",
                  "evening1": "vespre",
                  "night1": "nit"
                },
                "wide": {
                  "midnight": "mitjanit",
                  "am": "a. m.",
                  "pm": "p. m.",
                  "morning1": "matinada",
                  "morning2": "matí",
                  "afternoon1": "migdia",
                  "afternoon2": "tarda",
                  "evening1": "vespre",
                  "night1": "nit"
                }
              },
              "stand-alone": {
                "abbreviated": {
                  "midnight": "mitjanit",
                  "am": "a. m.",
                  "pm": "p. m.",
                  "morning1": "matinada",
                  "morning2": "matí",
                  "afternoon1": "migdia",
                  "afternoon2": "tarda",
                  "evening1": "vespre",
                  "night1": "nit"
                },
                "narrow": {
                  "midnight": "mitjanit",
                  "am": "a. m.",
                  "pm": "p. m.",
                  "morning1": "matinada",
                  "morning2": "matí",
                  "afternoon1": "migdia",
                  "afternoon2": "tarda",
                  "evening1": "vespre",
                  "night1": "nit"
                },
                "wide": {
                  "midnight": "mitjanit",
                  "am": "a. m.",
                  "pm": "p. m.",
                  "morning1": "matinada",
                  "morning2": "matí",
                  "afternoon1": "migdia",
                  "afternoon2": "tarda",
                  "evening1": "vespre",
                  "night1": "nit"
                }
              }
            },
            "eras": {
              "eraNames": {
                "0": "abans de Crist",
                "0-alt-variant": "abans de l’era cristiana",
                "1": "després de Crist",
                "1-alt-variant": "era cristiana"
              },
              "eraAbbr": {
                "0": "aC",
                "0-alt-variant": "AEC",
                "1": "dC",
                "1-alt-variant": "EC"
              },
              "eraNarrow": {
                "0": "aC",
                "0-alt-variant": "AEC",
                "1": "dC",
                "1-alt-variant": "EC"
              }
            },
            "dateFormats": {
              "full": "EEEE, d MMMM 'de' y",
              "long": "d MMMM 'de' y",
              "medium": "d MMM y",
              "short": "d/M/yy"
            },
            "timeFormats": {
              "full": "H:mm:ss zzzz",
              "long": "H:mm:ss z",
              "medium": "H:mm:ss",
              "short": "H:mm"
            },
            "dateTimeFormats": {
              "full": "{1} 'a' 'les' {0}",
              "long": "{1} 'a' 'les' {0}",
              "medium": "{1}, {0}",
              "short": "{1} {0}",
              "availableFormats": {
                "Bh": "h B",
                "Bhm": "h:mm B",
                "Bhms": "h:mm:ss B",
                "d": "d",
                "E": "ccc",
                "EBhm": "E h:mm B",
                "EBhms": "E h:mm:ss B",
                "Ed": "E d",
                "Ehm": "E h:mm a",
                "EHm": "E H:mm",
                "Ehms": "E h:mm:ss a",
                "EHms": "E H:mm:ss",
                "Gy": "y G",
                "GyMMM": "LLL y G",
                "GyMMMd": "d MMM 'de' y G",
                "GyMMMEd": "E, d MMM 'de' y G",
                "GyMMMM": "LLLL 'de' y G",
                "GyMMMMd": "d MMMM 'de' y G",
                "GyMMMMEd": "E, d MMMM 'de' y G",
                "h": "h a",
                "H": "H",
                "hm": "h:mm a",
                "Hm": "H:mm",
                "hms": "h:mm:ss a",
                "Hms": "H:mm:ss",
                "hmsv": "h:mm:ss a v",
                "Hmsv": "H:mm:ss v",
                "hmv": "h:mm a v",
                "Hmv": "H:mm v",
                "M": "L",
                "Md": "d/M",
                "MEd": "E d/M",
                "MMM": "LLL",
                "MMMd": "d MMM",
                "MMMEd": "E, d MMM",
                "MMMMd": "d MMMM",
                "MMMMEd": "E, d MMMM",
                "MMMMW-count-one": "'setmana' W MMMM",
                "MMMMW-count-other": "'setmana' W MMMM",
                "ms": "mm:ss",
                "y": "y",
                "yM": "M/y",
                "yMd": "d/M/y",
                "yMEd": "E, d/M/y",
                "yMMM": "LLL 'de' y",
                "yMMMd": "d MMM 'de' y",
                "yMMMEd": "E, d MMM y",
                "yMMMM": "LLLL 'de' y",
                "yMMMMd": "d MMMM 'de' y",
                "yMMMMEd": "E, d MMMM 'de' y",
                "yQQQ": "QQQ y",
                "yQQQQ": "QQQQ y",
                "yw-count-one": "'setmana' w 'de' Y",
                "yw-count-other": "'setmana' w 'de' Y"
              },
              "appendItems": {
                "Day": "{0} ({2}: {1})",
                "Day-Of-Week": "{0} {1}",
                "Era": "{1} {0}",
                "Hour": "{0} ({2}: {1})",
                "Minute": "{0} ({2}: {1})",
                "Month": "{0} ({2}: {1})",
                "Quarter": "{0} ({2}: {1})",
                "Second": "{0} ({2}: {1})",
                "Timezone": "{0} {1}",
                "Week": "{0} ({2}: {1})",
                "Year": "{1} {0}"
              },
              "intervalFormats": {
                "intervalFormatFallback": "{0} - {1}",
                "Bh": {
                  "B": "h B – h B",
                  "h": "h–h B"
                },
                "Bhm": {
                  "B": "h:mm B – h:mm B",
                  "h": "h:mm–h:mm B",
                  "m": "h:mm–h:mm B"
                },
                "d": {
                  "d": "d–d"
                },
                "Gy": {
                  "G": "y G – y G",
                  "y": "y–y G"
                },
                "GyM": {
                  "G": "M/y GGGGG – M/y GGGGG",
                  "M": "M/y – M/y GGGGG",
                  "y": "M/y – M/y GGGGG"
                },
                "GyMd": {
                  "d": "d/M/y – d/M/y GGGGG",
                  "G": "d/M/y GGGGG – d/M/y GGGGG",
                  "M": "d/M/y – d/M/y GGGGG",
                  "y": "d/M/y – d/M/y GGGGG"
                },
                "GyMEd": {
                  "d": "E, d/M/y – E, d/M/y GGGGG",
                  "G": "E, d/M/y GGGGG – E, d/M/y GGGGG",
                  "M": "E, d/M/y – E, d/M/y GGGGG",
                  "y": "E, d/M/y – E, d/M/y GGGGG"
                },
                "GyMMM": {
                  "G": "LLL y G – LLL y G",
                  "M": "LLL – LLL y G",
                  "y": "LLL y – LLL y G"
                },
                "GyMMMd": {
                  "d": "d–d LLL, y G",
                  "G": "d MMM, y G – d MMM, y G",
                  "M": "d MMM – d MMM, y G",
                  "y": "d MMM, y – d MMM, y G"
                },
                "GyMMMEd": {
                  "d": "E, d MMM – E, d MMM, y G",
                  "G": "E, d MMM, y G – E, d MMM, y G",
                  "M": "E, d MMM – E, d MMM, y G",
                  "y": "E, d MMM, y – E, d MMM, y G"
                },
                "h": {
                  "a": "h a – h a",
                  "h": "h–h a"
                },
                "H": {
                  "H": "H–H"
                },
                "hm": {
                  "a": "h:mm a – h:mm a",
                  "h": "h:mm–h:mm a",
                  "m": "h:mm–h:mm a"
                },
                "Hm": {
                  "H": "H:mm–H:mm",
                  "m": "H:mm–H:mm"
                },
                "hmv": {
                  "a": "h:mm a – h:mm a v",
                  "h": "h:mm–h:mm a v",
                  "m": "h:mm–h:mm a v"
                },
                "Hmv": {
                  "H": "H:mm–H:mm v",
                  "m": "H:mm–H:mm v"
                },
                "hv": {
                  "a": "h a – h a v",
                  "h": "h–h a v"
                },
                "Hv": {
                  "H": "H–H v"
                },
                "M": {
                  "M": "M–M"
                },
                "Md": {
                  "d": "d/M – d/M",
                  "M": "d/M – d/M"
                },
                "MEd": {
                  "d": "E, d/M – E, d/M",
                  "M": "E, d/M – E, d/M"
                },
                "MMM": {
                  "M": "LLL – LLL"
                },
                "MMMd": {
                  "d": "d–d MMM",
                  "M": "d MMM – d MMM"
                },
                "MMMEd": {
                  "d": "E, d – E, d MMM",
                  "M": "E, d MMM – E, d MMM"
                },
                "y": {
                  "y": "y–y"
                },
                "yM": {
                  "M": "M/y – M/y",
                  "y": "M/y – M/y"
                },
                "yMd": {
                  "d": "d/M/y – d/M/y",
                  "M": "d/M/y – d/M/y",
                  "y": "d/M/y – d/M/y"
                },
                "yMEd": {
                  "d": "E, d/M/y – E, d/M/y",
                  "M": "E, d/M/y – E, d/M/y",
                  "y": "E, d/M/y – E, d/M/y"
                },
                "yMMM": {
                  "M": "LLL–LLL y",
                  "y": "LLL y – LLL y"
                },
                "yMMMd": {
                  "d": "d–d MMM y",
                  "M": "d MMM – d MMM y",
                  "y": "d MMM y – d MMM y"
                },
                "yMMMEd": {
                  "d": "E, d – E, d MMM y",
                  "M": "E, d MMM – E, d MMM y",
                  "y": "E, d MMM y – E, d MMM y"
                },
                "yMMMM": {
                  "M": "LLLL–LLLL 'de' y",
                  "y": "LLLL 'de' y – LLLL 'de' y"
                },
                "yMMMMd": {
                  "d": "d–d MMMM 'de' y",
                  "M": "d MMMM – d MMMM 'de' y",
                  "y": "d MMMM 'de' y – d MMMM 'de' y"
                },
                "yMMMMEd": {
                  "d": "E, d – E, d MMMM 'de' y",
                  "M": "E, d MMMM – E, d MMMM 'de' y",
                  "y": "E, d MMMM 'de' y – E, d MMMM 'de' y"
                }
              }
            }
          }
        }
      }
    }
  }
}
